{
  "run_id": "20251028_153244",
  "llm_name": "OpenRouter(google/gemini-2.5-pro)",
  "n_samples": 10,
  "n_queries_per_sample": null,
  "query_multiplier": 1.0,
  "seed": 33550336,
  "timestamp": "2025-10-28T15:51:11.352558",
  "results": [
    {
      "observation_set_id": "g3_h3_b2_028",
      "n_observations": 1,
      "n_ground_truths": 9,
      "n_queries": 9,
      "n_valid": 9,
      "n_unique": 8,
      "n_recovered_gts": 8,
      "parse_success_count": 9,
      "parse_success_rate": 1.0,
      "valid_rate": 1.0,
      "novelty_rate": 0.8888888888888888,
      "recovery_rate": 0.8888888888888888,
      "token_usage": {
        "prompt_tokens": 8557,
        "completion_tokens": 33372,
        "total_tokens": 41929
      },
      "cost": 0.34441625,
      "errors": [],
      "error_summary": {
        "total_errors": 0,
        "error_types": {}
      },
      "all_hypotheses": [
        "Layer 1:\n0 0 0\n0 1 0\n1 0 0",
        "Layer 1:\n0 0 0\n0 1 0\n1 0 0\nLayer 2:\n0 0 0\n0 1 0\n0 0 0",
        "Layer 1:\n0 0 0\n0 1 0\n1 0 0\nLayer 2:\n0 0 0\n0 0 0\n1 0 0",
        "Layer 1:\n0 0 0\n0 1 0\n1 0 0\nLayer 2:\n0 0 0\n0 1 0\n1 0 0",
        "Layer 1:\n0 0 0\n0 1 0\n1 0 0\nLayer 2:\n0 0 0\n0 1 0\n1 0 0\nLayer 3:\n0 0 0\n0 1 0\n0 0 0",
        "Layer 1:\n0 0 0\n0 1 0\n1 0 0\nLayer 2:\n0 0 0\n0 0 0\n1 0 0\nLayer 3:\n0 0 0\n0 0 0\n1 0 0",
        "Layer 1:\n0 0 0\n0 1 0\n1 0 0\nLayer 2:\n0 0 0\n0 1 0\n1 0 0\nLayer 3:\n0 0 0\n0 0 0\n1 0 0",
        "Layer 1:\n0 0 0\n0 1 0\n1 0 0\nLayer 2:\n0 0 0\n0 1 0\n1 0 0\nLayer 3:\n0 0 0\n0 1 0\n0 0 0",
        "Layer 1:\n0 0 0\n0 1 0\n1 0 0\nLayer 2:\n0 0 0\n0 1 0\n0 0 0\nLayer 3:\n0 0 0\n0 1 0\n0 0 0"
      ],
      "unique_structures": [
        "Layer 1:\n0 0 0\n0 1 0\n1 0 0",
        "Layer 1:\n0 0 0\n0 1 0\n1 0 0\nLayer 2:\n0 0 0\n0 1 0\n0 0 0",
        "Layer 1:\n0 0 0\n0 1 0\n1 0 0\nLayer 2:\n0 0 0\n0 0 0\n1 0 0",
        "Layer 1:\n0 0 0\n0 1 0\n1 0 0\nLayer 2:\n0 0 0\n0 1 0\n1 0 0",
        "Layer 1:\n0 0 0\n0 1 0\n1 0 0\nLayer 2:\n0 0 0\n0 1 0\n1 0 0\nLayer 3:\n0 0 0\n0 1 0\n0 0 0",
        "Layer 1:\n0 0 0\n0 1 0\n1 0 0\nLayer 2:\n0 0 0\n0 0 0\n1 0 0\nLayer 3:\n0 0 0\n0 0 0\n1 0 0",
        "Layer 1:\n0 0 0\n0 1 0\n1 0 0\nLayer 2:\n0 0 0\n0 1 0\n1 0 0\nLayer 3:\n0 0 0\n0 0 0\n1 0 0",
        "Layer 1:\n0 0 0\n0 1 0\n1 0 0\nLayer 2:\n0 0 0\n0 1 0\n0 0 0\nLayer 3:\n0 0 0\n0 1 0\n0 0 0"
      ]
    },
    {
      "observation_set_id": "g3_h3_b2_034",
      "n_observations": 1,
      "n_ground_truths": 9,
      "n_queries": 9,
      "n_valid": 9,
      "n_unique": 9,
      "n_recovered_gts": 9,
      "parse_success_count": 9,
      "parse_success_rate": 1.0,
      "valid_rate": 1.0,
      "novelty_rate": 1.0,
      "recovery_rate": 1.0,
      "token_usage": {
        "prompt_tokens": 8631,
        "completion_tokens": 30791,
        "total_tokens": 39422
      },
      "cost": 0.31869875,
      "errors": [],
      "error_summary": {
        "total_errors": 0,
        "error_types": {}
      },
      "all_hypotheses": [
        "Layer 1:\n0 0 0\n0 0 0\n1 1 0",
        "Layer 1:\n0 0 0\n0 0 0\n1 1 0\nLayer 2:\n0 0 0\n0 0 0\n1 0 0",
        "Layer 1:\n0 0 0\n0 0 0\n1 1 0\nLayer 2:\n0 0 0\n0 0 0\n0 1 0",
        "Layer 1:\n0 0 0\n0 0 0\n1 1 0\nLayer 2:\n0 0 0\n0 0 0\n1 1 0",
        "Layer 1:\n0 0 0\n0 0 0\n1 1 0\nLayer 2:\n0 0 0\n0 0 0\n1 0 0\nLayer 3:\n0 0 0\n0 0 0\n1 0 0",
        "Layer 1:\n0 0 0\n0 0 0\n1 1 0\nLayer 2:\n0 0 0\n0 0 0\n0 1 0\nLayer 3:\n0 0 0\n0 0 0\n0 1 0",
        "Layer 1:\n0 0 0\n0 0 0\n1 1 0\nLayer 2:\n0 0 0\n0 0 0\n1 1 0\nLayer 3:\n0 0 0\n0 0 0\n1 0 0",
        "Layer 1:\n0 0 0\n0 0 0\n1 1 0\nLayer 2:\n0 0 0\n0 0 0\n1 1 0\nLayer 3:\n0 0 0\n0 0 0\n0 1 0",
        "Layer 1:\n0 0 0\n0 0 0\n1 1 0\nLayer 2:\n0 0 0\n0 0 0\n1 1 0\nLayer 3:\n0 0 0\n0 0 0\n1 1 0"
      ],
      "unique_structures": [
        "Layer 1:\n0 0 0\n0 0 0\n1 1 0",
        "Layer 1:\n0 0 0\n0 0 0\n1 1 0\nLayer 2:\n0 0 0\n0 0 0\n1 0 0",
        "Layer 1:\n0 0 0\n0 0 0\n1 1 0\nLayer 2:\n0 0 0\n0 0 0\n0 1 0",
        "Layer 1:\n0 0 0\n0 0 0\n1 1 0\nLayer 2:\n0 0 0\n0 0 0\n1 1 0",
        "Layer 1:\n0 0 0\n0 0 0\n1 1 0\nLayer 2:\n0 0 0\n0 0 0\n1 0 0\nLayer 3:\n0 0 0\n0 0 0\n1 0 0",
        "Layer 1:\n0 0 0\n0 0 0\n1 1 0\nLayer 2:\n0 0 0\n0 0 0\n0 1 0\nLayer 3:\n0 0 0\n0 0 0\n0 1 0",
        "Layer 1:\n0 0 0\n0 0 0\n1 1 0\nLayer 2:\n0 0 0\n0 0 0\n1 1 0\nLayer 3:\n0 0 0\n0 0 0\n1 0 0",
        "Layer 1:\n0 0 0\n0 0 0\n1 1 0\nLayer 2:\n0 0 0\n0 0 0\n1 1 0\nLayer 3:\n0 0 0\n0 0 0\n0 1 0",
        "Layer 1:\n0 0 0\n0 0 0\n1 1 0\nLayer 2:\n0 0 0\n0 0 0\n1 1 0\nLayer 3:\n0 0 0\n0 0 0\n1 1 0"
      ]
    },
    {
      "observation_set_id": "g3_h3_b2_015",
      "n_observations": 1,
      "n_ground_truths": 9,
      "n_queries": 9,
      "n_valid": 9,
      "n_unique": 9,
      "n_recovered_gts": 9,
      "parse_success_count": 9,
      "parse_success_rate": 1.0,
      "valid_rate": 1.0,
      "novelty_rate": 1.0,
      "recovery_rate": 1.0,
      "token_usage": {
        "prompt_tokens": 8631,
        "completion_tokens": 36125,
        "total_tokens": 44756
      },
      "cost": 0.3720387499999999,
      "errors": [],
      "error_summary": {
        "total_errors": 0,
        "error_types": {}
      },
      "all_hypotheses": [
        "Layer 1:\n0 1 0\n0 0 0\n0 0 1",
        "Layer 1:\n0 1 0\n0 0 0\n0 0 1\nLayer 2:\n0 1 0\n0 0 0\n0 0 0",
        "Layer 1:\n0 1 0\n0 0 0\n0 0 1\nLayer 2:\n0 0 0\n0 0 0\n0 0 1",
        "Layer 1:\n0 1 0\n0 0 0\n0 0 1\nLayer 2:\n0 1 0\n0 0 0\n0 0 1",
        "Layer 1:\n0 1 0\n0 0 0\n0 0 1\nLayer 2:\n0 0 0\n0 0 0\n0 0 1\nLayer 3:\n0 0 0\n0 0 0\n0 0 1",
        "Layer 1:\n0 1 0\n0 0 0\n0 0 1\nLayer 2:\n0 1 0\n0 0 0\n0 0 0\nLayer 3:\n0 1 0\n0 0 0\n0 0 0",
        "Layer 1:\n0 1 0\n0 0 0\n0 0 1\nLayer 2:\n0 1 0\n0 0 0\n0 0 1\nLayer 3:\n0 1 0\n0 0 0\n0 0 0",
        "Layer 1:\n0 1 0\n0 0 0\n0 0 1\nLayer 2:\n0 1 0\n0 0 0\n0 0 1\nLayer 3:\n0 1 0\n0 0 0\n0 0 1",
        "Layer 1:\n0 1 0\n0 0 0\n0 0 1\nLayer 2:\n0 1 0\n0 0 0\n0 0 1\nLayer 3:\n0 0 0\n0 0 0\n0 0 1"
      ],
      "unique_structures": [
        "Layer 1:\n0 1 0\n0 0 0\n0 0 1",
        "Layer 1:\n0 1 0\n0 0 0\n0 0 1\nLayer 2:\n0 1 0\n0 0 0\n0 0 0",
        "Layer 1:\n0 1 0\n0 0 0\n0 0 1\nLayer 2:\n0 0 0\n0 0 0\n0 0 1",
        "Layer 1:\n0 1 0\n0 0 0\n0 0 1\nLayer 2:\n0 1 0\n0 0 0\n0 0 1",
        "Layer 1:\n0 1 0\n0 0 0\n0 0 1\nLayer 2:\n0 0 0\n0 0 0\n0 0 1\nLayer 3:\n0 0 0\n0 0 0\n0 0 1",
        "Layer 1:\n0 1 0\n0 0 0\n0 0 1\nLayer 2:\n0 1 0\n0 0 0\n0 0 0\nLayer 3:\n0 1 0\n0 0 0\n0 0 0",
        "Layer 1:\n0 1 0\n0 0 0\n0 0 1\nLayer 2:\n0 1 0\n0 0 0\n0 0 1\nLayer 3:\n0 1 0\n0 0 0\n0 0 0",
        "Layer 1:\n0 1 0\n0 0 0\n0 0 1\nLayer 2:\n0 1 0\n0 0 0\n0 0 1\nLayer 3:\n0 1 0\n0 0 0\n0 0 1",
        "Layer 1:\n0 1 0\n0 0 0\n0 0 1\nLayer 2:\n0 1 0\n0 0 0\n0 0 1\nLayer 3:\n0 0 0\n0 0 0\n0 0 1"
      ]
    }
  ],
  "total_token_usage": {
    "prompt_tokens": 25819,
    "completion_tokens": 100288,
    "total_tokens": 126107
  },
  "total_cost": 1.0351537499999999,
  "all_errors": [],
  "total_error_counts": {}
}