{
  "run_id": "20251103_145129",
  "llm_name": "OpenRouter(openai/gpt-4o-mini)",
  "n_samples": 6,
  "n_queries_per_sample": null,
  "query_multiplier": 1.0,
  "seed": 1234567,
  "timestamp": "2025-11-03T15:01:02.219307",
  "results": [
    {
      "observation_set_id": "g3_h3_b2_028",
      "n_observations": 1,
      "n_ground_truths": 9,
      "n_queries": 9,
      "n_valid": 1,
      "n_unique": 9,
      "n_recovered_gts": 1,
      "parse_success_count": 9,
      "parse_success_rate": 1.0,
      "valid_rate": 0.1111111111111111,
      "novelty_rate": 1.0,
      "recovery_rate": 0.1111111111111111,
      "token_usage": {
        "prompt_tokens": 11580,
        "completion_tokens": 3226,
        "total_tokens": 14806
      },
      "cost": 0.014806,
      "errors": [],
      "error_summary": {
        "total_errors": 0,
        "error_types": {}
      },
      "all_hypotheses": [
        "Layer 1:\n1 0 0\n0 1 0\n1 0 0\nLayer 2:\n0 0 0\n0 1 0\n0 0 0",
        "Layer 1:\n1 0 0\n0 1 0\n1 0 0",
        "Layer 1:\n1 0 1\n0 1 0\n1 0 0\nLayer 2:\n0 0 0\n0 0 0\n1 0 0",
        "Layer 1:\n0 1 0\n0 0 0\n1 0 0\nLayer 2:\n0 1 0\n0 0 0\n0 0 0",
        "Layer 1:\n0 0 0\n1 1 0\n1 0 0\nLayer 2:\n0 0 0\n0 1 0\n0 0 0",
        "Layer 1:\n0 0 0\n0 1 0\n1 0 0\nLayer 2:\n0 0 0\n0 0 0\n1 0 0",
        "Layer 1:\n1 0 0\n0 1 0\n1 0 0\nLayer 2:\n1 0 0\n0 0 0\n1 0 0",
        "Layer 1:\n1 0 0\n0 1 0\n0 0 0\nLayer 2:\n1 0 0\n0 0 0\n0 0 0",
        "Layer 1:\n1 0 0\n0 1 0\n0 0 0\nLayer 2:\n0 0 0\n0 0 0\n1 0 0"
      ],
      "unique_structures": [
        "Layer 1:\n1 0 0\n0 1 0\n1 0 0\nLayer 2:\n0 0 0\n0 1 0\n0 0 0",
        "Layer 1:\n1 0 0\n0 1 0\n1 0 0",
        "Layer 1:\n1 0 1\n0 1 0\n1 0 0\nLayer 2:\n0 0 0\n0 0 0\n1 0 0",
        "Layer 1:\n0 1 0\n0 0 0\n1 0 0\nLayer 2:\n0 1 0\n0 0 0\n0 0 0",
        "Layer 1:\n0 0 0\n1 1 0\n1 0 0\nLayer 2:\n0 0 0\n0 1 0\n0 0 0",
        "Layer 1:\n0 0 0\n0 1 0\n1 0 0\nLayer 2:\n0 0 0\n0 0 0\n1 0 0",
        "Layer 1:\n1 0 0\n0 1 0\n1 0 0\nLayer 2:\n1 0 0\n0 0 0\n1 0 0",
        "Layer 1:\n1 0 0\n0 1 0\n0 0 0\nLayer 2:\n1 0 0\n0 0 0\n0 0 0",
        "Layer 1:\n1 0 0\n0 1 0\n0 0 0\nLayer 2:\n0 0 0\n0 0 0\n1 0 0"
      ]
    },
    {
      "observation_set_id": "g3_h3_b2_016",
      "n_observations": 1,
      "n_ground_truths": 9,
      "n_queries": 9,
      "n_valid": 1,
      "n_unique": 6,
      "n_recovered_gts": 1,
      "parse_success_count": 9,
      "parse_success_rate": 1.0,
      "valid_rate": 0.1111111111111111,
      "novelty_rate": 0.6666666666666666,
      "recovery_rate": 0.1111111111111111,
      "token_usage": {
        "prompt_tokens": 11450,
        "completion_tokens": 4804,
        "total_tokens": 16254
      },
      "cost": 0.016254,
      "errors": [],
      "error_summary": {
        "total_errors": 0,
        "error_types": {}
      },
      "all_hypotheses": [
        "Layer 1:\n0 0 0\n1 0 0\n0 0 0\nLayer 2:\n0 0 1\n0 0 0\n0 0 0",
        "Layer 1:\n0 0 1\n1 0 0\n0 0 0",
        "Layer 1:\n0 0 0\n1 0 0\n0 0 1\nLayer 2:\n0 0 0\n1 0 0\n0 0 0",
        "Layer 1:\n1 0 0\n1 0 0\n0 0 0\nLayer 2:\n0 0 1\n0 0 0\n0 0 0\nLayer 3:\n0 0 1\n0 0 0\n0 0 0",
        "Layer 1:\n0 0 0\n1 0 0\n0 0 0\nLayer 2:\n0 0 1\n0 0 0\n0 0 0",
        "Layer 1:\n0 0 1\n1 0 0\n0 0 1\nLayer 2:\n0 0 1\n0 0 0\n0 0 0",
        "Layer 1:\n0 0 1\n1 0 0\n0 0 0\nLayer 2:\n0 0 0\n0 0 0\n0 0 1",
        "Layer 1:\n0 0 0\n1 0 0\n0 0 0\nLayer 2:\n0 0 1\n0 0 0\n0 0 0",
        "Layer 1:\n0 0 0\n1 0 0\n0 0 0\nLayer 2:\n0 0 1\n0 0 0\n0 0 0"
      ],
      "unique_structures": [
        "Layer 1:\n0 0 0\n1 0 0\n0 0 0\nLayer 2:\n0 0 1\n0 0 0\n0 0 0",
        "Layer 1:\n0 0 1\n1 0 0\n0 0 0",
        "Layer 1:\n0 0 0\n1 0 0\n0 0 1\nLayer 2:\n0 0 0\n1 0 0\n0 0 0",
        "Layer 1:\n1 0 0\n1 0 0\n0 0 0\nLayer 2:\n0 0 1\n0 0 0\n0 0 0\nLayer 3:\n0 0 1\n0 0 0\n0 0 0",
        "Layer 1:\n0 0 1\n1 0 0\n0 0 1\nLayer 2:\n0 0 1\n0 0 0\n0 0 0",
        "Layer 1:\n0 0 1\n1 0 0\n0 0 0\nLayer 2:\n0 0 0\n0 0 0\n0 0 1"
      ]
    },
    {
      "observation_set_id": "g3_h3_b2_005",
      "n_observations": 1,
      "n_ground_truths": 9,
      "n_queries": 9,
      "n_valid": 7,
      "n_unique": 2,
      "n_recovered_gts": 1,
      "parse_success_count": 9,
      "parse_success_rate": 1.0,
      "valid_rate": 0.7777777777777778,
      "novelty_rate": 0.2222222222222222,
      "recovery_rate": 0.1111111111111111,
      "token_usage": {
        "prompt_tokens": 11772,
        "completion_tokens": 4491,
        "total_tokens": 16263
      },
      "cost": 0.016263,
      "errors": [],
      "error_summary": {
        "total_errors": 0,
        "error_types": {}
      },
      "all_hypotheses": [
        "Layer 1:\n1 0 0\n0 0 1\n0 0 0\nLayer 2:\n1 0 0\n0 0 0\n0 0 0",
        "Layer 1:\n1 0 0\n0 0 1\n0 0 0\nLayer 2:\n1 0 0\n0 0 0\n0 0 0",
        "Layer 1:\n1 0 0\n0 0 1\n0 0 0\nLayer 2:\n1 0 0\n0 0 0\n0 0 0",
        "Layer 1:\n1 0 0\n0 0 1\nLayer 2:\n1 0 0\n0 0 0",
        "Layer 1:\n1 0 0\n0 0 1\n0 0 0\nLayer 2:\n1 0 0\n0 0 0\n0 0 0",
        "Layer 1:\n1 0 0\n0 0 1\n0 0 0\nLayer 2:\n1 0 0\n0 0 0\n0 0 0",
        "Layer 1:\n1 0 0\n0 0 1\nLayer 2:\n1 0 0\n0 0 0",
        "Layer 1:\n1 0 0\n0 0 1\n0 0 0\nLayer 2:\n1 0 0\n0 0 0\n0 0 0",
        "Layer 1:\n1 0 0\n0 0 1\n0 0 0\nLayer 2:\n1 0 0\n0 0 0\n0 0 0"
      ],
      "unique_structures": [
        "Layer 1:\n1 0 0\n0 0 1\n0 0 0\nLayer 2:\n1 0 0\n0 0 0\n0 0 0",
        "Layer 1:\n1 0 0\n0 0 1\nLayer 2:\n1 0 0\n0 0 0"
      ]
    },
    {
      "observation_set_id": "g3_h3_b2_021",
      "n_observations": 1,
      "n_ground_truths": 9,
      "n_queries": 9,
      "n_valid": 7,
      "n_unique": 4,
      "n_recovered_gts": 2,
      "parse_success_count": 9,
      "parse_success_rate": 1.0,
      "valid_rate": 0.7777777777777778,
      "novelty_rate": 0.4444444444444444,
      "recovery_rate": 0.2222222222222222,
      "token_usage": {
        "prompt_tokens": 11158,
        "completion_tokens": 3691,
        "total_tokens": 14849
      },
      "cost": 0.014849000000000001,
      "errors": [],
      "error_summary": {
        "total_errors": 0,
        "error_types": {}
      },
      "all_hypotheses": [
        "Layer 1:\n0 0 1\n0 0 0\n0 0 1\nLayer 2:\n0 0 1\n0 0 0\n0 0 1",
        "Layer 1:\n1 0 1\n0 0 0\n0 0 1\nLayer 2:\n1 0 1\n0 0 0\n0 0 0",
        "Layer 1:\n0 0 1\n0 0 0\n0 0 1\nLayer 2:\n0 0 1\n0 0 0\n0 0 0",
        "Layer 1:\n0 0 1\n0 0 0\n0 0 1\nLayer 2:\n0 0 1\n0 0 0\n0 0 1",
        "Layer 1:\n0 0 1\n0 0 0\n0 0 1\nLayer 2:\n0 0 1\n0 0 0\n0 0 0",
        "Layer 1:\n0 0 0\n0 0 0\n0 0 1\nLayer 2:\n0 0 1\n0 0 0\n0 0 0",
        "Layer 1:\n0 0 1\n0 0 0\n0 0 1\nLayer 2:\n0 0 1\n0 0 0\n0 0 0",
        "Layer 1:\n0 0 1\n0 0 0\n0 0 1\nLayer 2:\n0 0 1\n0 0 0\n0 0 0",
        "Layer 1:\n0 0 1\n0 0 0\n0 0 1\nLayer 2:\n0 0 1\n0 0 0\n0 0 0"
      ],
      "unique_structures": [
        "Layer 1:\n0 0 1\n0 0 0\n0 0 1\nLayer 2:\n0 0 1\n0 0 0\n0 0 1",
        "Layer 1:\n1 0 1\n0 0 0\n0 0 1\nLayer 2:\n1 0 1\n0 0 0\n0 0 0",
        "Layer 1:\n0 0 1\n0 0 0\n0 0 1\nLayer 2:\n0 0 1\n0 0 0\n0 0 0",
        "Layer 1:\n0 0 0\n0 0 0\n0 0 1\nLayer 2:\n0 0 1\n0 0 0\n0 0 0"
      ]
    },
    {
      "observation_set_id": "g3_h3_b2_015",
      "n_observations": 1,
      "n_ground_truths": 9,
      "n_queries": 9,
      "n_valid": 6,
      "n_unique": 4,
      "n_recovered_gts": 1,
      "parse_success_count": 9,
      "parse_success_rate": 1.0,
      "valid_rate": 0.6666666666666666,
      "novelty_rate": 0.4444444444444444,
      "recovery_rate": 0.1111111111111111,
      "token_usage": {
        "prompt_tokens": 10612,
        "completion_tokens": 4055,
        "total_tokens": 14667
      },
      "cost": 0.014667,
      "errors": [],
      "error_summary": {
        "total_errors": 0,
        "error_types": {}
      },