{
  "run_id": "20251031_191042",
  "llm_name": "OpenRouter(openai/gpt-4o-mini)",
  "n_samples": 6,
  "n_queries_per_sample": null,
  "query_multiplier": 1.0,
  "seed": 1234567,
  "timestamp": "2025-10-31T19:17:41.640974",
  "results": [
    {
      "observation_set_id": "g3_h3_b2_028",
      "n_observations": 1,
      "n_ground_truths": 9,
      "n_queries": 9,
      "n_valid": 3,
      "n_unique": 7,
      "n_recovered_gts": 2,
      "parse_success_count": 9,
      "parse_success_rate": 1.0,
      "valid_rate": 0.3333333333333333,
      "novelty_rate": 0.7777777777777778,
      "recovery_rate": 0.2222222222222222,
      "token_usage": {
        "prompt_tokens": 15855,
        "completion_tokens": 2755,
        "total_tokens": 18610
      },
      "cost": 0.01861,
      "errors": [],
      "error_summary": {
        "total_errors": 0,
        "error_types": {}
      },
      "all_hypotheses": [
        "Layer 1:\n0 0 0\n0 1 0\n1 0 0",
        "Layer 1:\n0 0 0\n1 1 0\n1 0 0",
        "Layer 1:\n0 0 0\n0 0 0\n1 0 0\nLayer 2:\n0 0 0\n0 1 0\n0 0 0",
        "Layer 1:\n0 0 0\n1 1 0\n1 0 0\nLayer 2:\n0 0 0\n0 1 0\n0 0 0",
        "Layer 1:\n0 0 0\n0 1 0\n1 0 0\nLayer 2:\n0 0 0\n0 1 0\n0 0 0",
        "Layer 1:\n0 0 0\n0 1 0\n0 0 0\nLayer 2:\n0 0 0\n0 0 0\n1 0 0",
        "Layer 1:\n0 0 0\n1 1 0\n1 0 0\nLayer 2:\n0 0 0\n0 1 0\n0 0 0\nLayer 3:\n0 0 0\n0 0 0\n1 0 0",
        "Layer 1:\n0 0 0\n1 1 0\n1 0 0\nLayer 2:\n0 0 0\n0 1 0\n0 0 0\nLayer 3:\n0 0 0\n0 0 0\n1 0 0",
        "Layer 1:\n0 0 0\n0 1 0\n1 0 0"
      ],
      "unique_structures": [
        "Layer 1:\n0 0 0\n0 1 0\n1 0 0",
        "Layer 1:\n0 0 0\n1 1 0\n1 0 0",
        "Layer 1:\n0 0 0\n0 0 0\n1 0 0\nLayer 2:\n0 0 0\n0 1 0\n0 0 0",
        "Layer 1:\n0 0 0\n1 1 0\n1 0 0\nLayer 2:\n0 0 0\n0 1 0\n0 0 0",
        "Layer 1:\n0 0 0\n0 1 0\n1 0 0\nLayer 2:\n0 0 0\n0 1 0\n0 0 0",
        "Layer 1:\n0 0 0\n0 1 0\n0 0 0\nLayer 2:\n0 0 0\n0 0 0\n1 0 0",
        "Layer 1:\n0 0 0\n1 1 0\n1 0 0\nLayer 2:\n0 0 0\n0 1 0\n0 0 0\nLayer 3:\n0 0 0\n0 0 0\n1 0 0"
      ]
    },
    {
      "observation_set_id": "g3_h3_b2_016",
      "n_observations": 1,
      "n_ground_truths": 9,
      "n_queries": 9,
      "n_valid": 2,
      "n_unique": 6,
      "n_recovered_gts": 2,
      "parse_success_count": 9,
      "parse_success_rate": 1.0,
      "valid_rate": 0.2222222222222222,
      "novelty_rate": 0.6666666666666666,
      "recovery_rate": 0.2222222222222222,
      "token_usage": {
        "prompt_tokens": 15747,
        "completion_tokens": 1728,
        "total_tokens": 17475
      },
      "cost": 0.017475,
      "errors": [],
      "error_summary": {
        "total_errors": 0,
        "error_types": {
          "unknown_error": 1
        }
      },
      "all_hypotheses": [
        "Layer 1:\n0 0 1\n1 0 0\n0 0 0\nLayer 2:\n0 0 1\n1 0 0\n0 0 0",
        "Layer 1:\n1 0 1\n1 0 0\n0 0 0",
        "Layer 1:\n0 0 1\n1 0 0\n0 0 0\nLayer 2:\n0 0 1\n0 0 0\n0 0 0",
        "Layer 1:\n1 0 1\n1 0 0\n0 0 0\nLayer 2:\n0 0 0\n1 0 0\n0 0 0",
        "Layer 1:\n1 0 1\n1 0 0\n0 0 0\nLayer 2:\n0 0 1\n0 0 0\n0 0 0",
        "Layer 1:\n1 0 1\n1 0 0\n0 0 0\nLayer 2:\n0 0 1\n0 0 0\n0 0 0",
        "Layer 1:\n1 0 1\n1 0 0\n0 0 0\nLayer 2:\n0 0 1\n0 0 0\n0 0 0",
        "Layer 1:\n1 0 1\n1 0 0\n0 0 0\nLayer 2:\n0 0 1\n0 0 0\n0 0 0",
        "Layer 1:\n1 0 1\n1 0 0\n0 0 0\nLayer 2:\n1 0 1\n1 0 0\n0 0 0\nLayer 3:\n0 0 0\n1 0 0\n0 0 0"
      ],
      "unique_structures": [
        "Layer 1:\n0 0 1\n1 0 0\n0 0 0\nLayer 2:\n0 0 1\n1 0 0\n0 0 0",
        "Layer 1:\n1 0 1\n1 0 0\n0 0 0",
        "Layer 1:\n0 0 1\n1 0 0\n0 0 0\nLayer 2:\n0 0 1\n0 0 0\n0 0 0",
        "Layer 1:\n1 0 1\n1 0 0\n0 0 0\nLayer 2:\n0 0 0\n1 0 0\n0 0 0",
        "Layer 1:\n1 0 1\n1 0 0\n0 0 0\nLayer 2:\n0 0 1\n0 0 0\n0 0 0",
        "Layer 1:\n1 0 1\n1 0 0\n0 0 0\nLayer 2:\n1 0 1\n1 0 0\n0 0 0\nLayer 3:\n0 0 0\n1 0 0\n0 0 0"
      ]
    },
    {
      "observation_set_id": "g3_h3_b2_005",
      "n_observations": 1,
      "n_ground_truths": 9,
      "n_queries": 9,
      "n_valid": 8,
      "n_unique": 4,
      "n_recovered_gts": 3,
      "parse_success_count": 9,
      "parse_success_rate": 1.0,
      "valid_rate": 0.8888888888888888,
      "novelty_rate": 0.4444444444444444,
      "recovery_rate": 0.3333333333333333,
      "token_usage": {
        "prompt_tokens": 15435,
        "completion_tokens": 3383,
        "total_tokens": 18818
      },
      "cost": 0.018818,
      "errors": [],
      "error_summary": {
        "total_errors": 0,
        "error_types": {}
      },
      "all_hypotheses": [
        "Layer 1:\n1 0 0\n0 0 1\n0 0 0\nLayer 2:\n1 0 0\n0 0 0\n0 0 0",
        "Layer 1:\n1 0 0\n0 0 1\n0 0 0\nLayer 2:\n1 0 0\n0 0 0\n0 0 0",
        "Layer 1:\n1 0 0\n0 0 1\n0 0 0\nLayer 2:\n1 0 0\n0 0 0\n0 0 0",
        "Layer 1:\n1 0 0\n0 0 1\n0 0 0\nLayer 2:\n1 0 0\n0 0 0\n0 0 0\nLayer 3:\n1 0 0\n0 0 0\n0 0 0",
        "Layer 1:\n1 0 0\n0 0 1\n0 0 0\nLayer 2:\n1 0 0\n0 0 0\n0 0 0\nLayer 3:\n1 0 0\n0 0 0\n0 0 0",
        "Layer 1:\n1 0 1\n0 0 0\n0 0 0\nLayer 2:\n1 0 0\n0 0 0\n0 0 0",
        "Layer 1:\n1 0 0\n0 0 1\n0 0 0\nLayer 2:\n1 0 0\n0 0 1\n0 0 0",
        "Layer 1:\n1 0 0\n0 0 1\n0 0 0\nLayer 2:\n1 0 0\n0 0 0\n0 0 0",
        "Layer 1:\n1 0 0\n0 0 1\n0 0 0\nLayer 2:\n1 0 0\n0 0 0\n0 0 0"
      ],
      "unique_structures": [
        "Layer 1:\n1 0 0\n0 0 1\n0 0 0\nLayer 2:\n1 0 0\n0 0 0\n0 0 0",
        "Layer 1:\n1 0 0\n0 0 1\n0 0 0\nLayer 2:\n1 0 0\n0 0 0\n0 0 0\nLayer 3:\n1 0 0\n0 0 0\n0 0 0",
        "Layer 1:\n1 0 1\n0 0 0\n0 0 0\nLayer 2:\n1 0 0\n0 0 0\n0 0 0",
        "Layer 1:\n1 0 0\n0 0 1\n0 0 0\nLayer 2:\n1 0 0\n0 0 1\n0 0 0"
      ]
    },
    {
      "observation_set_id": "g3_h3_b2_021",
      "n_observations": 1,
      "n_ground_truths": 9,
      "n_queries": 9,
      "n_valid": 2,
      "n_unique": 6,
      "n_recovered_gts": 2,
      "parse_success_count": 9,
      "parse_success_rate": 1.0,
      "valid_rate": 0.2222222222222222,
      "novelty_rate": 0.6666666666666666,
      "recovery_rate": 0.2222222222222222,
      "token_usage": {
        "prompt_tokens": 16045,
        "completion_tokens": 1742,
        "total_tokens": 17787
      },
      "cost": 0.017787,
      "errors": [],
      "error_summary": {
        "total_errors": 0,
        "error_types": {}
      },
      "all_hypotheses": [
        "Layer 1:\n0 0 1\n0 0 0\n0 0 1",
        "Layer 1:\n0 0 1\n0 0 0\n0 0 1\nLayer 2:\n0 0 1\n0 0 0\n0 0 0",
        "Layer 1:\n1 0 1\n0 0 0\n0 0 1\nLayer 2:\n1 0 1\n0 0 0\n0 0 0",
        "Layer 1:\n0 0 1\n0 0 0\n0 0 1\nLayer 2:\n0 0 1\n0 0 0\n0 0 0\nLayer 3:\n1 0 1\n0 0 0\n0 0 0",
        "Layer 1:\n0 0 1\n0 0 0\n0 0 1\nLayer 2:\n1 0 1\n0 0 0\n0 0 1",
        "Layer 1:\n0 0 1\n0 0 0\n0 0 1\nLayer 2:\n1 0 1\n0 0 0\n0 0 0\nLayer 3:\n1 0 0\n0 0 0\n0 0 0",
        "Layer 1:\n0 0 1\n0 0 0\n0 0 1\nLayer 2:\n0 0 1\n0 0 0\n0 0 0\nLayer 3:\n1 0 1\n0 0 0\n0 0 0",
        "Layer 1:\n0 0 1\n0 0 0\n0 0 1\nLayer 2:\n0 0 1\n0 0 0\n0 0 0\nLayer 3:\n1 0 1\n0 0 0\n0 0 0",
        "Layer 1:\n0 0 1\n0 0 0\n0 0 1\nLayer 2:\n0 0 1\n0 0 0\n0 0 0\nLayer 3:\n1 0 1\n0 0 0\n0 0 0"
      ],
      "unique_structures": [
        "Layer 1:\n0 0 1\n0 0 0\n0 0 1",
        "Layer 1:\n0 0 1\n0 0 0\n0 0 1\nLayer 2:\n0 0 1\n0 0 0\n0 0 0",
        "Layer 1:\n1 0 1\n0 0 0\n0 0 1\nLayer 2:\n1 0 1\n0 0 0\n0 0 0",
        "Layer 1:\n0 0 1\n0 0 0\n0 0 1\nLayer 2:\n0 0 1\n0 0 0\n0 0 0\nLayer 3:\n1 0 1\n0 0 0\n0 0 0",
        "Layer 1:\n0 0 1\n0 0 0\n0 0 1\nLayer 2:\n1 0 1\n0 0 0\n0 0 1",
        "Layer 1:\n0 0 1\n0 0 0\n0 0 1\nLayer 2:\n1 0 1\n0 0 0\n0 0 0\nLayer 3:\n1 0 0\n0 0 0\n0 0 0"
      ]
    },
    {
      "observation_set_id": "g3_h3_b2_015",
      "n_observations": 1,
      "n_ground_truths": 9,
      "n_queries": 9,
      "n_valid": 7,
      "n_unique": 6,
      "n_recovered_gts": 5,
      "parse_success_count": 9,
      "parse_success_rate": 1.0,
      "valid_rate": 0.7777777777777778,
      "novelty_rate": 0.6666666666666666,
      "recovery_rate": 0.5555555555555556,