{
  "run_id": "20251031_164419",
  "llm_name": "OpenRouter(openai/gpt-4o-mini)",
  "n_samples": 6,
  "n_queries_per_sample": null,
  "query_multiplier": 1.0,
  "seed": 1234567,
  "timestamp": "2025-10-31T16:46:42.281426",
  "results": [
    {
      "observation_set_id": "g3_h3_b2_028",
      "n_observations": 1,
      "n_ground_truths": 9,
      "n_queries": 9,
      "n_valid": 0,
      "n_unique": 9,
      "n_recovered_gts": 0,
      "parse_success_count": 9,
      "parse_success_rate": 1.0,
      "valid_rate": 0.0,
      "novelty_rate": 1.0,
      "recovery_rate": 0.0,
      "token_usage": {
        "prompt_tokens": 11151,
        "completion_tokens": 515,
        "total_tokens": 11666
      },
      "cost": 0.011666,
      "errors": [],
      "error_summary": {
        "total_errors": 0,
        "error_types": {}
      },
      "all_hypotheses": [
        "Layer 1:\n1 0 1\n1 1 1\n1 0 0\nLayer 2:\n0 0 0\n1 0 0\n0 0 1",
        "Layer 1:\n1 0 1\n1 1 0\n0 0 1\nLayer 2:\n0 0 1\n1 0 0\n0 0 0\nLayer 3:\n0 0 0\n0 1 0\n0 0 0",
        "Layer 1:\n1 0 0\n1 1 1\n0 0 1\nLayer 2:\n0 1 0\n0 0 0\n1 0 0",
        "Layer 1:\n1 1 1\n1 0 1\n0 1 0\nLayer 2:\n0 0 0\n1 1 0\n0 0 1\nLayer 3:\n0 0 0\n0 1 0\n0 0 0",
        "Layer 1:\n1 0 1\n1 1 1\n0 0 1\nLayer 2:\n0 1 0\n0 0 0\n1 0 0",
        "Layer 1:\n1 1 0\n1 0 1\n0 0 1\nLayer 2:\n0 0 1\n1 1 0\n0 0 1",
        "Layer 1:\n1 0 1\n1 1 0\n0 0 1\nLayer 2:\n0 1 0\n1 0 0\n0 0 0\nLayer 3:\n0 0 0\n0 0 1\n0 0 0",
        "Layer 1:\n1 0 1\n1 1 1\n0 0 1\nLayer 2:\n0 1 0\n0 0 1\n1 0 0",
        "Layer 1:\n1 0 1\n1 1 1\n0 0 1\nLayer 2:\n0 0 0\n1 0 0\n0 0 1\nLayer 3:\n0 1 0\n0 0 0\n0 0 0"
      ],
      "unique_structures": [
        "Layer 1:\n1 0 1\n1 1 1\n1 0 0\nLayer 2:\n0 0 0\n1 0 0\n0 0 1",
        "Layer 1:\n1 0 1\n1 1 0\n0 0 1\nLayer 2:\n0 0 1\n1 0 0\n0 0 0\nLayer 3:\n0 0 0\n0 1 0\n0 0 0",
        "Layer 1:\n1 0 0\n1 1 1\n0 0 1\nLayer 2:\n0 1 0\n0 0 0\n1 0 0",
        "Layer 1:\n1 1 1\n1 0 1\n0 1 0\nLayer 2:\n0 0 0\n1 1 0\n0 0 1\nLayer 3:\n0 0 0\n0 1 0\n0 0 0",
        "Layer 1:\n1 0 1\n1 1 1\n0 0 1\nLayer 2:\n0 1 0\n0 0 0\n1 0 0",
        "Layer 1:\n1 1 0\n1 0 1\n0 0 1\nLayer 2:\n0 0 1\n1 1 0\n0 0 1",
        "Layer 1:\n1 0 1\n1 1 0\n0 0 1\nLayer 2:\n0 1 0\n1 0 0\n0 0 0\nLayer 3:\n0 0 0\n0 0 1\n0 0 0",
        "Layer 1:\n1 0 1\n1 1 1\n0 0 1\nLayer 2:\n0 1 0\n0 0 1\n1 0 0",
        "Layer 1:\n1 0 1\n1 1 1\n0 0 1\nLayer 2:\n0 0 0\n1 0 0\n0 0 1\nLayer 3:\n0 1 0\n0 0 0\n0 0 0"
      ]
    },
    {
      "observation_set_id": "g3_h3_b2_016",
      "n_observations": 1,
      "n_ground_truths": 9,
      "n_queries": 9,
      "n_valid": 0,
      "n_unique": 9,
      "n_recovered_gts": 0,
      "parse_success_count": 9,
      "parse_success_rate": 1.0,
      "valid_rate": 0.0,
      "novelty_rate": 1.0,
      "recovery_rate": 0.0,
      "token_usage": {
        "prompt_tokens": 11195,
        "completion_tokens": 515,
        "total_tokens": 11710
      },
      "cost": 0.01171,
      "errors": [],
      "error_summary": {
        "total_errors": 0,
        "error_types": {}
      },
      "all_hypotheses": [
        "Layer 1:\n1 0 1\n1 0 0\n0 0 0\nLayer 2:\n1 0 0\n0 0 0\n0 0 1",
        "Layer 1:\n1 1 1\n1 0 0\n0 0 0\nLayer 2:\n1 0 0\n0 0 1\n0 0 0\nLayer 3:\n0 0 0\n0 0 1\n0 0 0",
        "Layer 1:\n1 0 1\n1 1 0\n0 0 0\nLayer 2:\n1 0 0\n0 0 0\n0 1 1\nLayer 3:\n0 0 0\n0 0 1\n0 0 0",
        "Layer 1:\n1 0 1\n1 0 0\n0 1 0\nLayer 2:\n0 0 0\n1 0 0\n0 1 1",
        "Layer 1:\n1 0 1\n1 1 0\n0 0 0\nLayer 2:\n0 1 0\n0 0 1\n0 0 0",
        "Layer 1:\n1 0 1\n0 0 1\n1 0 0\nLayer 2:\n0 0 1\n1 0 0\n0 1 0\nLayer 3:\n0 0 0\n0 1 0\n0 0 0",
        "Layer 1:\n1 0 1\n1 0 0\n0 1 0\nLayer 2:\n0 0 0\n0 1 0\n1 0 1",
        "Layer 1:\n1 0 1\n1 1 0\n0 0 0\nLayer 2:\n1 0 0\n0 0 1\n0 0 0",
        "Layer 1:\n1 0 1\n1 0 0\n0 1 0\nLayer 2:\n0 0 1\n0 0 0\n1 0 0"
      ],
      "unique_structures": [
        "Layer 1:\n1 0 1\n1 0 0\n0 0 0\nLayer 2:\n1 0 0\n0 0 0\n0 0 1",
        "Layer 1:\n1 1 1\n1 0 0\n0 0 0\nLayer 2:\n1 0 0\n0 0 1\n0 0 0\nLayer 3:\n0 0 0\n0 0 1\n0 0 0",
        "Layer 1:\n1 0 1\n1 1 0\n0 0 0\nLayer 2:\n1 0 0\n0 0 0\n0 1 1\nLayer 3:\n0 0 0\n0 0 1\n0 0 0",
        "Layer 1:\n1 0 1\n1 0 0\n0 1 0\nLayer 2:\n0 0 0\n1 0 0\n0 1 1",
        "Layer 1:\n1 0 1\n1 1 0\n0 0 0\nLayer 2:\n0 1 0\n0 0 1\n0 0 0",
        "Layer 1:\n1 0 1\n0 0 1\n1 0 0\nLayer 2:\n0 0 1\n1 0 0\n0 1 0\nLayer 3:\n0 0 0\n0 1 0\n0 0 0",
        "Layer 1:\n1 0 1\n1 0 0\n0 1 0\nLayer 2:\n0 0 0\n0 1 0\n1 0 1",
        "Layer 1:\n1 0 1\n1 1 0\n0 0 0\nLayer 2:\n1 0 0\n0 0 1\n0 0 0",
        "Layer 1:\n1 0 1\n1 0 0\n0 1 0\nLayer 2:\n0 0 1\n0 0 0\n1 0 0"
      ]
    },
    {
      "observation_set_id": "g3_h3_b2_005",
      "n_observations": 1,
      "n_ground_truths": 9,
      "n_queries": 9,
      "n_valid": 0,
      "n_unique": 7,
      "n_recovered_gts": 0,
      "parse_success_count": 9,
      "parse_success_rate": 1.0,
      "valid_rate": 0.0,
      "novelty_rate": 0.7777777777777778,
      "recovery_rate": 0.0,
      "token_usage": {
        "prompt_tokens": 10853,
        "completion_tokens": 449,
        "total_tokens": 11302
      },
      "cost": 0.011302,
      "errors": [],
      "error_summary": {
        "total_errors": 0,
        "error_types": {}
      },
      "all_hypotheses": [
        "Layer 1:\n1 0 1\n0 1 0\n1 0 1\nLayer 2:\n0 0 0\n1 0 0\n0 0 1",
        "Layer 1:\n1 0 0\n1 1 0\n0 0 0\nLayer 2:\n0 1 0\n0 0 1\n0 0 0\nLayer 3:\n0 0 0\n0 0 1\n0 0 0",
        "Layer 1:\n1 0 1\n1 1 0\n0 0 0\nLayer 2:\n0 0 0\n0 0 1\n0 0 0",
        "Layer 1:\n1 0 1\n0 1 0\n1 0 1\nLayer 2:\n0 1 0\n0 0 1\n0 0 0",
        "Layer 1:\n1 0 1\n1 0 1\n0 0 0\nLayer 2:\n0 1 0\n0 0 1\n0 0 0",
        "Layer 1:\n1 0 1\n0 1 0\n1 0 0\nLayer 2:\n0 1 0\n0 0 1\n0 0 0",
        "Layer 1:\n1 0 1\n0 1 0\n1 0 1\nLayer 2:\n0 1 0\n0 0 1\n0 0 0",
        "Layer 1:\n1 0 1\n1 0 1\n0 0 0\nLayer 2:\n0 1 0\n0 0 1\n0 0 0",
        "Layer 1:\n1 0 1\n0 1 0\n1 0 1\nLayer 2:\n0 0 0\n1 0 0\n0 0 0"
      ],
      "unique_structures": [
        "Layer 1:\n1 0 1\n0 1 0\n1 0 1\nLayer 2:\n0 0 0\n1 0 0\n0 0 1",
        "Layer 1:\n1 0 0\n1 1 0\n0 0 0\nLayer 2:\n0 1 0\n0 0 1\n0 0 0\nLayer 3:\n0 0 0\n0 0 1\n0 0 0",
        "Layer 1:\n1 0 1\n1 1 0\n0 0 0\nLayer 2:\n0 0 0\n0 0 1\n0 0 0",
        "Layer 1:\n1 0 1\n0 1 0\n1 0 1\nLayer 2:\n0 1 0\n0 0 1\n0 0 0",
        "Layer 1:\n1 0 1\n1 0 1\n0 0 0\nLayer 2:\n0 1 0\n0 0 1\n0 0 0",
        "Layer 1:\n1 0 1\n0 1 0\n1 0 0\nLayer 2:\n0 1 0\n0 0 1\n0 0 0",
        "Layer 1:\n1 0 1\n0 1 0\n1 0 1\nLayer 2:\n0 0 0\n1 0 0\n0 0 0"
      ]
    },
    {
      "observation_set_id": "g3_h3_b2_021",
      "n_observations": 1,
      "n_ground_truths": 9,
      "n_queries": 9,
      "n_valid": 0,
      "n_unique": 8,
      "n_recovered_gts": 0,
      "parse_success_count": 9,
      "parse_success_rate": 1.0,
      "valid_rate": 0.0,
      "novelty_rate": 0.8888888888888888,
      "recovery_rate": 0.0,
      "token_usage": {
        "prompt_tokens": 10997,
        "completion_tokens": 449,
        "total_tokens": 11446
      },
      "cost": 0.011445999999999998,
      "errors": [],
      "error_summary": {
        "total_errors": 0,
        "error_types": {}
      },
      "all_hypotheses": [
        "Layer 1:\n1 0 1\n0 0 0\n1 0 1\nLayer 2:\n1 0 0\n0 0 0\n0 0 1",
        "Layer 1:\n1 0 1\n1 0 1\n0 0 0\nLayer 2:\n0 0 0\n1 1 1\n0 0 0\nLayer 3:\n0 0 1\n0 0 0\n0 0 1",
        "Layer 1:\n1 0 1\n1 0 1\n1 0 1\nLayer 2:\n0 0 1\n0 0 1\n0 0 1",
        "Layer 1:\n1 0 1\n0 1 0\n1 0 1\nLayer 2:\n0 1 0\n0 0 1\n0 1 0",
        "Layer 1:\n1 0 1\n1 0 1\n0 0 0\nLayer 2:\n0 0 1\n0 1 0\n0 0 1",
        "Layer 1:\n1 0 1\n1 0 1\n0 0 0\nLayer 2:\n0 0 1\n0 1 0\n0 0 0",
        "Layer 1:\n1 0 1\n1 0 1\n0 0 0\nLayer 2:\n0 1 0\n0 0 1\n0 1 0",
        "Layer 1:\n1 0 1\n1 0 1\n0 0 0\nLayer 2:\n0 0 1\n0 1 0\n1 0 1",
        "Layer 1:\n1 0 1\n0 1 0\n1 0 1\nLayer 2:\n0 1 0\n0 0 1\n0 1 0"
      ],