{
  "run_id": "20251103_151210",
  "llm_name": "OpenRouter(openai/gpt-4o-mini)",
  "n_samples": 6,
  "n_queries_per_sample": null,
  "query_multiplier": 1.0,
  "seed": 1234567,
  "timestamp": "2025-11-03T15:22:33.046563",
  "results": [
    {
      "observation_set_id": "g3_h3_b2_028",
      "n_observations": 1,
      "n_ground_truths": 9,
      "n_queries": 9,
      "n_valid": 5,
      "n_unique": 5,
      "n_recovered_gts": 2,
      "parse_success_count": 9,
      "parse_success_rate": 1.0,
      "valid_rate": 0.5555555555555556,
      "novelty_rate": 0.5555555555555556,
      "recovery_rate": 0.2222222222222222,
      "token_usage": {
        "prompt_tokens": 11722,
        "completion_tokens": 4744,
        "total_tokens": 16466
      },
      "cost": 0.016466,
      "errors": [],
      "error_summary": {
        "total_errors": 0,
        "error_types": {}
      },
      "all_hypotheses": [
        "Layer 1:\n0 0 0\n0 1 0\n1 0 0\nLayer 2:\n0 0 0\n0 0 0\n1 0 0",
        "Layer 1:\n0 0 0\n0 1 0\n1 0 0\nLayer 2:\n0 0 0\n0 1 0\n0 0 0",
        "Layer 1:\n0 0 0\n0 1 0\n1 0 0\nLayer 2:\n0 0 0\n0 0 0\n1 0 0",
        "Layer 1:\n0 0 0\n0 1 0\n1 0 0\nLayer 2:\n0 0 0\n0 1 0\n0 0 0\nLayer 3:\n0 0 0\n0 0 0\n1 0 0",
        "Layer 1:\n0 0 0\n0 0 0\n1 0 0\nLayer 2:\n0 0 0\n0 1 0\n0 0 0",
        "Layer 1:\n0 0 0\n0 0 0\n1 0 0\nLayer 2:\n0 0 0\n0 1 0\n0 0 0",
        "Layer 1:\n0 0 0\n0 1 0\n1 0 0\nLayer 2:\n0 0 0\n0 1 0\n0 0 0",
        "Layer 1:\n0 0 0\n0 1 0\n1 0 0\nLayer 2:\n0 0 0\n0 1 0\n0 0 0",
        "Layer 1:\n1 0 0\n0 1 0\n1 0 0\nLayer 2:\n0 0 0\n0 1 0\n0 0 0"
      ],
      "unique_structures": [
        "Layer 1:\n0 0 0\n0 1 0\n1 0 0\nLayer 2:\n0 0 0\n0 0 0\n1 0 0",
        "Layer 1:\n0 0 0\n0 1 0\n1 0 0\nLayer 2:\n0 0 0\n0 1 0\n0 0 0",
        "Layer 1:\n0 0 0\n0 1 0\n1 0 0\nLayer 2:\n0 0 0\n0 1 0\n0 0 0\nLayer 3:\n0 0 0\n0 0 0\n1 0 0",
        "Layer 1:\n0 0 0\n0 0 0\n1 0 0\nLayer 2:\n0 0 0\n0 1 0\n0 0 0",
        "Layer 1:\n1 0 0\n0 1 0\n1 0 0\nLayer 2:\n0 0 0\n0 1 0\n0 0 0"
      ]
    },
    {
      "observation_set_id": "g3_h3_b2_016",
      "n_observations": 1,
      "n_ground_truths": 9,
      "n_queries": 9,
      "n_valid": 6,
      "n_unique": 6,
      "n_recovered_gts": 3,
      "parse_success_count": 9,
      "parse_success_rate": 1.0,
      "valid_rate": 0.6666666666666666,
      "novelty_rate": 0.6666666666666666,
      "recovery_rate": 0.3333333333333333,
      "token_usage": {
        "prompt_tokens": 11638,
        "completion_tokens": 4673,
        "total_tokens": 16311
      },
      "cost": 0.016311,
      "errors": [],
      "error_summary": {
        "total_errors": 0,
        "error_types": {}
      },
      "all_hypotheses": [
        "Layer 1:\n0 0 1\n1 0 0\n0 0 0\nLayer 2:\n0 0 1\n0 0 0\n0 0 0",
        "Layer 1:\n0 0 1\n1 0 0\n0 0 0\nLayer 2:\n0 0 1\n0 0 0\n0 0 0",
        "Layer 1:\n0 0 1\n1 0 0\n0 0 0\nLayer 2:\n0 0 1\n0 0 0\n0 0 0",
        "Layer 1:\n0 0 1\n1 0 0\n0 0 0\nLayer 2:\n0 0 1\n1 0 0\n0 0 0\nLayer 3:\n0 0 1\n0 0 0\n0 0 0",
        "Layer 1:\n0 0 1\n1 0 0\nLayer 2:\n0 0 0\n1 0 0",
        "Layer 1:\n0 0 0\n1 0 0\n0 0 0\nLayer 2:\n0 0 1\n0 0 0\n0 0 0",
        "Layer 1:\n1 0 1\n1 0 0\n0 0 0\nLayer 2:\n0 0 1\n0 0 0\n0 0 0",
        "Layer 1:\n0 0 1\n1 0 0\n0 0 0\nLayer 2:\n0 0 1\n1 0 0\n0 0 0\nLayer 3:\n0 0 0\n1 0 0\n0 0 0",
        "Layer 1:\n0 0 1\n1 0 0\n0 0 0\nLayer 2:\n0 0 1\n1 0 0\n0 0 0\nLayer 3:\n0 0 1\n0 0 0\n0 0 0"
      ],
      "unique_structures": [
        "Layer 1:\n0 0 1\n1 0 0\n0 0 0\nLayer 2:\n0 0 1\n0 0 0\n0 0 0",
        "Layer 1:\n0 0 1\n1 0 0\n0 0 0\nLayer 2:\n0 0 1\n1 0 0\n0 0 0\nLayer 3:\n0 0 1\n0 0 0\n0 0 0",
        "Layer 1:\n0 0 1\n1 0 0\nLayer 2:\n0 0 0\n1 0 0",
        "Layer 1:\n0 0 0\n1 0 0\n0 0 0\nLayer 2:\n0 0 1\n0 0 0\n0 0 0",
        "Layer 1:\n1 0 1\n1 0 0\n0 0 0\nLayer 2:\n0 0 1\n0 0 0\n0 0 0",
        "Layer 1:\n0 0 1\n1 0 0\n0 0 0\nLayer 2:\n0 0 1\n1 0 0\n0 0 0\nLayer 3:\n0 0 0\n1 0 0\n0 0 0"
      ]
    },
    {
      "observation_set_id": "g3_h3_b2_005",
      "n_observations": 1,
      "n_ground_truths": 9,
      "n_queries": 9,
      "n_valid": 9,
      "n_unique": 2,
      "n_recovered_gts": 2,
      "parse_success_count": 9,
      "parse_success_rate": 1.0,
      "valid_rate": 1.0,
      "novelty_rate": 0.2222222222222222,
      "recovery_rate": 0.2222222222222222,
      "token_usage": {
        "prompt_tokens": 10705,
        "completion_tokens": 4796,
        "total_tokens": 15501
      },
      "cost": 0.015501,
      "errors": [],
      "error_summary": {
        "total_errors": 0,
        "error_types": {}
      },
      "all_hypotheses": [
        "Layer 1:\n1 0 0\n0 0 1\n0 0 0\nLayer 2:\n1 0 0\n0 0 0\n0 0 0",
        "Layer 1:\n1 0 0\n0 0 1\n0 0 0\nLayer 2:\n1 0 0\n0 0 0\n0 0 0",
        "Layer 1:\n1 0 0\n0 0 1\n0 0 0\nLayer 2:\n1 0 0\n0 0 0\n0 0 0",
        "Layer 1:\n1 0 0\n0 0 1\n0 0 0\nLayer 2:\n1 0 0\n0 0 0\n0 0 0",
        "Layer 1:\n1 0 0\n0 0 1\n0 0 0\nLayer 2:\n1 0 0\n0 0 0\n0 0 0",
        "Layer 1:\n1 0 0\n0 0 1\n0 0 0\nLayer 2:\n1 0 0\n0 0 0\n0 0 0",
        "Layer 1:\n1 0 0\n0 0 1\n0 0 0\nLayer 2:\n1 0 0\n0 0 0\n0 0 0\nLayer 3:\n1 0 0\n0 0 0\n0 0 0",
        "Layer 1:\n1 0 0\n0 0 1\n0 0 0\nLayer 2:\n1 0 0\n0 0 0\n0 0 0",
        "Layer 1:\n1 0 0\n0 0 1\n0 0 0\nLayer 2:\n1 0 0\n0 0 0\n0 0 0"
      ],
      "unique_structures": [
        "Layer 1:\n1 0 0\n0 0 1\n0 0 0\nLayer 2:\n1 0 0\n0 0 0\n0 0 0",
        "Layer 1:\n1 0 0\n0 0 1\n0 0 0\nLayer 2:\n1 0 0\n0 0 0\n0 0 0\nLayer 3:\n1 0 0\n0 0 0\n0 0 0"
      ]
    },
    {
      "observation_set_id": "g3_h3_b2_021",
      "n_observations": 1,
      "n_ground_truths": 9,
      "n_queries": 9,
      "n_valid": 7,
      "n_unique": 2,
      "n_recovered_gts": 1,
      "parse_success_count": 9,
      "parse_success_rate": 1.0,
      "valid_rate": 0.7777777777777778,
      "novelty_rate": 0.2222222222222222,
      "recovery_rate": 0.1111111111111111,
      "token_usage": {
        "prompt_tokens": 10828,
        "completion_tokens": 3792,
        "total_tokens": 14620
      },
      "cost": 0.01462,
      "errors": [],
      "error_summary": {
        "total_errors": 0,
        "error_types": {}
      },
      "all_hypotheses": [
        "Layer 1:\n0 0 1\n0 0 0\n1 0 0",
        "Layer 1:\n0 0 1\n0 0 0\n0 0 1\nLayer 2:\n0 0 1\n0 0 0\n0 0 0",
        "Layer 1:\n0 0 1\n0 0 0\n0 0 1\nLayer 2:\n0 0 1\n0 0 0\n0 0 0",
        "Layer 1:\n0 0 1\n0 0 0\n0 0 1\nLayer 2:\n0 0 1\n0 0 0\n0 0 0",
        "Layer 1:\n0 0 1\n0 0 0\n0 0 1\nLayer 2:\n0 0 1\n0 0 0\n0 0 0",
        "Layer 1:\n0 0 1\n0 0 0\n0 0 1\nLayer 2:\n0 0 1\n0 0 0\n0 0 0",
        "Layer 1:\n0 0 1\n0 0 0\n1 0 0",
        "Layer 1:\n0 0 1\n0 0 0\n0 0 1\nLayer 2:\n0 0 1\n0 0 0\n0 0 0",
        "Layer 1:\n0 0 1\n0 0 0\n0 0 1\nLayer 2:\n0 0 1\n0 0 0\n0 0 0"
      ],
      "unique_structures": [
        "Layer 1:\n0 0 1\n0 0 0\n1 0 0",
        "Layer 1:\n0 0 1\n0 0 0\n0 0 1\nLayer 2:\n0 0 1\n0 0 0\n0 0 0"
      ]
    },
    {
      "observation_set_id": "g3_h3_b2_015",
      "n_observations": 1,
      "n_ground_truths": 9,
      "n_queries": 9,
      "n_valid": 6,
      "n_unique": 5,
      "n_recovered_gts": 2,
      "parse_success_count": 9,
      "parse_success_rate": 1.0,
      "valid_rate": 0.6666666666666666,
      "novelty_rate": 0.5555555555555556,
      "recovery_rate": 0.2222222222222222,
      "token_usage": {
        "prompt_tokens": 11076,
        "completion_tokens": 4698,
        "total_tokens": 15774
      },
      "cost": 0.015774,
      "errors": [],
      "error_summary": {
        "total_errors": 0,
        "error_types": {}
      },