{
  "run_id": "20251027_202957",
  "llm_name": "OpenRouter(openai/gpt-4o-mini)",
  "n_samples": 30,
  "n_queries_per_sample": null,
  "query_multiplier": 1.0,
  "seed": 33550336,
  "timestamp": "2025-10-27T20:36:12.767836",
  "results": [
    {
      "observation_set_id": "g3_h3_b2_028",
      "n_observations": 1,
      "n_ground_truths": 9,
      "n_queries": 9,
      "n_valid": 0,
      "n_unique": 9,
      "n_recovered_gts": 0,
      "parse_success_count": 9,
      "parse_success_rate": 1.0,
      "valid_rate": 0.0,
      "novelty_rate": 1.0,
      "recovery_rate": 0.0,
      "token_usage": {
        "prompt_tokens": 8688,
        "completion_tokens": 2271,
        "total_tokens": 10959
      },
      "cost": 0.010959,
      "errors": [],
      "error_summary": {
        "total_errors": 0,
        "error_types": {
          "bad_gateway_502": 1
        }
      },
      "all_hypotheses": [
        "Layer 1:\n0 0 0\n1 0 0\n1 0 0",
        "Layer 1:\n1 0 1\n1 0 1\n1 0 1\nLayer 2:\n1 0 1\n1 0 1\n0 0 0\nLayer 3:\n0 0 0\n0 1 0\n1 0 0",
        "Layer 1:\n1 0 1\n1 1 1\n1 0 1\nLayer 2:\n0 0 0\n1 1 0\n0 0 0\nLayer 3:\n0 0 0\n0 1 0\n1 0 0",
        "Layer 1:\n1 0 1\n1 0 0\n1 0 0\nLayer 2:\n0 0 0\n1 0 0\n1 0 0\nLayer 3:\n0 0 0\n0 1 0\n0 0 0",
        "Layer 1:\n1 0 1\n1 1 1\n1 0 1\nLayer 2:\n0 0 0\n0 1 0\n1 0 0\nLayer 3:\n0 0 0\n0 0 0\n1 0 0",
        "Layer 1:\n1 0 1\n1 0 0\n1 0 0\nLayer 2:\n0 0 0\n0 1 0\n0 0 0",
        "Layer 1:\n1 0 1\n1 0 1\n1 0 1\nLayer 2:\n1 0 0\n1 1 0\n1 0 0\nLayer 3:\n0 0 0\n0 1 0\n1 0 0",
        "Layer 1:\n1 0 1\n1 1 1\n1 0 1\nLayer 2:\n1 0 1\n0 1 0\n0 0 0\nLayer 3:\n0 0 0\n0 1 0\n1 0 0",
        "Layer 1:\n1 0 1\n1 1 1\n1 0 1\nLayer 2:\n0 0 0\n0 1 0\n0 0 0\nLayer 3:\n0 0 0\n0 0 0\n1 0 0"
      ],
      "unique_structures": [
        "Layer 1:\n0 0 0\n1 0 0\n1 0 0",
        "Layer 1:\n1 0 1\n1 0 1\n1 0 1\nLayer 2:\n1 0 1\n1 0 1\n0 0 0\nLayer 3:\n0 0 0\n0 1 0\n1 0 0",
        "Layer 1:\n1 0 1\n1 1 1\n1 0 1\nLayer 2:\n0 0 0\n1 1 0\n0 0 0\nLayer 3:\n0 0 0\n0 1 0\n1 0 0",
        "Layer 1:\n1 0 1\n1 0 0\n1 0 0\nLayer 2:\n0 0 0\n1 0 0\n1 0 0\nLayer 3:\n0 0 0\n0 1 0\n0 0 0",
        "Layer 1:\n1 0 1\n1 1 1\n1 0 1\nLayer 2:\n0 0 0\n0 1 0\n1 0 0\nLayer 3:\n0 0 0\n0 0 0\n1 0 0",
        "Layer 1:\n1 0 1\n1 0 0\n1 0 0\nLayer 2:\n0 0 0\n0 1 0\n0 0 0",
        "Layer 1:\n1 0 1\n1 0 1\n1 0 1\nLayer 2:\n1 0 0\n1 1 0\n1 0 0\nLayer 3:\n0 0 0\n0 1 0\n1 0 0",
        "Layer 1:\n1 0 1\n1 1 1\n1 0 1\nLayer 2:\n1 0 1\n0 1 0\n0 0 0\nLayer 3:\n0 0 0\n0 1 0\n1 0 0",
        "Layer 1:\n1 0 1\n1 1 1\n1 0 1\nLayer 2:\n0 0 0\n0 1 0\n0 0 0\nLayer 3:\n0 0 0\n0 0 0\n1 0 0"
      ]
    },
    {
      "observation_set_id": "g3_h3_b2_034",
      "n_observations": 1,
      "n_ground_truths": 9,
      "n_queries": 9,
      "n_valid": 1,
      "n_unique": 8,
      "n_recovered_gts": 1,
      "parse_success_count": 9,
      "parse_success_rate": 1.0,
      "valid_rate": 0.1111111111111111,
      "novelty_rate": 0.8888888888888888,
      "recovery_rate": 0.1111111111111111,
      "token_usage": {
        "prompt_tokens": 8446,
        "completion_tokens": 1408,
        "total_tokens": 9854
      },
      "cost": 0.009854,
      "errors": [],
      "error_summary": {
        "total_errors": 0,
        "error_types": {}
      },
      "all_hypotheses": [
        "Layer 1:\n0 0 0\n0 0 0\n1 1 0\nLayer 2:\n0 0 0\n0 0 0\n1 1 0\nLayer 3:\n0 0 0\n0 0 0\n1 1 0",
        "Layer 1:\n1 0 1\n1 1 0\n1 0 0",
        "Layer 1:\n1 0 1\n0 1 0\n1 0 1\nLayer 2:\n0 1 0\n1 0 1\n0 1 0",
        "Layer 1:\n1 0 0\n1 1 0\n1 0 0\nLayer 2:\n0 1 0\n0 0 0\n0 1 0\nLayer 3:\n0 0 0\n0 1 0\n0 0 0",
        "Layer 1:\n1 0 1\n1 1 1\n1 0 1\nLayer 2:\n0 1 0\n1 0 1\n0 1 0",
        "Layer 1:\n1 0 1\n1 1 0\n1 0 1\nLayer 2:\n0 1 0\n0 1 0\n0 0 0",
        "Layer 1:\n1 0 1\n1 1 0\n1 0 0\nLayer 2:\n0 1 0\n1 0 1\n0 1 0",
        "Layer 1:\n1 0 1\n1 1 0\n1 0 1\nLayer 2:\n0 1 0\n1 0 1\n0 1 0",
        "Layer 1:\n1 0 1\n1 1 1\n1 0 1\nLayer 2:\n0 1 0\n1 0 1\n0 1 0"
      ],
      "unique_structures": [
        "Layer 1:\n0 0 0\n0 0 0\n1 1 0\nLayer 2:\n0 0 0\n0 0 0\n1 1 0\nLayer 3:\n0 0 0\n0 0 0\n1 1 0",
        "Layer 1:\n1 0 1\n1 1 0\n1 0 0",
        "Layer 1:\n1 0 1\n0 1 0\n1 0 1\nLayer 2:\n0 1 0\n1 0 1\n0 1 0",
        "Layer 1:\n1 0 0\n1 1 0\n1 0 0\nLayer 2:\n0 1 0\n0 0 0\n0 1 0\nLayer 3:\n0 0 0\n0 1 0\n0 0 0",
        "Layer 1:\n1 0 1\n1 1 1\n1 0 1\nLayer 2:\n0 1 0\n1 0 1\n0 1 0",
        "Layer 1:\n1 0 1\n1 1 0\n1 0 1\nLayer 2:\n0 1 0\n0 1 0\n0 0 0",
        "Layer 1:\n1 0 1\n1 1 0\n1 0 0\nLayer 2:\n0 1 0\n1 0 1\n0 1 0",
        "Layer 1:\n1 0 1\n1 1 0\n1 0 1\nLayer 2:\n0 1 0\n1 0 1\n0 1 0"
      ]
    },
    {
      "observation_set_id": "g3_h3_b2_015",
      "n_observations": 1,
      "n_ground_truths": 9,
      "n_queries": 9,
      "n_valid": 0,
      "n_unique": 9,
      "n_recovered_gts": 0,
      "parse_success_count": 9,
      "parse_success_rate": 1.0,
      "valid_rate": 0.0,
      "novelty_rate": 1.0,
      "recovery_rate": 0.0,
      "token_usage": {
        "prompt_tokens": 8666,
        "completion_tokens": 1596,
        "total_tokens": 10262
      },
      "cost": 0.010262,
      "errors": [],
      "error_summary": {
        "total_errors": 0,
        "error_types": {}
      },
      "all_hypotheses": [
        "Layer 1:\n1 0 0\n1 0 0\n0 0 1\nLayer 2:\n1 0 0\n0 0 0\n0 0 1\nLayer 3:\n1 0 0\n0 0 0\n0 0 1",
        "Layer 1:\n1 0 0\n1 0 0\n0 0 1\nLayer 2:\n0 0 0\n1 0 0\n0 0 0",
        "Layer 1:\n1 0 1\n1 1 0\n0 0 1\nLayer 2:\n0 0 0\n1 0 0\n0 0 1\nLayer 3:\n0 0 0\n0 1 0\n0 0 0",
        "Layer 1:\n1 0 1\n1 1 0\n0 0 1\nLayer 2:\n0 1 0\n0 0 0\n0 0 0",
        "Layer 1:\n1 0 0\n1 0 0\n0 0 1\nLayer 2:\n0 1 0\n0 0 0\n0 0 1",
        "Layer 1:\n1 0 1\n1 0 1\n0 0 1\nLayer 2:\n0 0 0\n1 0 0\n0 0 0",
        "Layer 1:\n1 1 0\n1 0 1\n0 0 1\nLayer 2:\n0 0 0\n1 0 0\n0 0 0\nLayer 3:\n0 1 0\n0 0 0\n0 0 0",
        "Layer 1:\n1 0 1\n1 0 1\n0 0 1\nLayer 2:\n0 1 0\n0 0 0\n0 0 0",
        "Layer 1:\n1 0 1\n1 0 0\n0 0 1\nLayer 2:\n0 1 0\n0 0 0\n0 1 0"
      ],
      "unique_structures": [
        "Layer 1:\n1 0 0\n1 0 0\n0 0 1\nLayer 2:\n1 0 0\n0 0 0\n0 0 1\nLayer 3:\n1 0 0\n0 0 0\n0 0 1",
        "Layer 1:\n1 0 0\n1 0 0\n0 0 1\nLayer 2:\n0 0 0\n1 0 0\n0 0 0",
        "Layer 1:\n1 0 1\n1 1 0\n0 0 1\nLayer 2:\n0 0 0\n1 0 0\n0 0 1\nLayer 3:\n0 0 0\n0 1 0\n0 0 0",
        "Layer 1:\n1 0 1\n1 1 0\n0 0 1\nLayer 2:\n0 1 0\n0 0 0\n0 0 0",
        "Layer 1:\n1 0 0\n1 0 0\n0 0 1\nLayer 2:\n0 1 0\n0 0 0\n0 0 1",
        "Layer 1:\n1 0 1\n1 0 1\n0 0 1\nLayer 2:\n0 0 0\n1 0 0\n0 0 0",
        "Layer 1:\n1 1 0\n1 0 1\n0 0 1\nLayer 2:\n0 0 0\n1 0 0\n0 0 0\nLayer 3:\n0 1 0\n0 0 0\n0 0 0",
        "Layer 1:\n1 0 1\n1 0 1\n0 0 1\nLayer 2:\n0 1 0\n0 0 0\n0 0 0",
        "Layer 1:\n1 0 1\n1 0 0\n0 0 1\nLayer 2:\n0 1 0\n0 0 0\n0 1 0"
      ]
    },
    {
      "observation_set_id": "g3_h3_b2_035",
      "n_observations": 1,
      "n_ground_truths": 9,
      "n_queries": 9,
      "n_valid": 1,
      "n_unique": 7,
      "n_recovered_gts": 1,
      "parse_success_count": 9,
      "parse_success_rate": 1.0,
      "valid_rate": 0.1111111111111111,
      "novelty_rate": 0.7777777777777778,
      "recovery_rate": 0.1111111111111111,
      "token_usage": {
        "prompt_tokens": 8254,
        "completion_tokens": 1703,
        "total_tokens": 9957
      },
      "cost": 0.009957,
      "errors": [],
      "error_summary": {
        "total_errors": 0,
        "error_types": {}
      },