{
  "run_id": "20251103_162803",
  "llm_name": "OpenRouter(deepseek/deepseek-chat-v3-0324)",
  "n_samples": 6,
  "n_queries_per_sample": null,
  "query_multiplier": 1.0,
  "seed": 1234567,
  "timestamp": "2025-11-03T16:43:36.752247",
  "results": [
    {
      "observation_set_id": "g3_h3_b2_028",
      "n_observations": 1,
      "n_ground_truths": 9,
      "n_queries": 9,
      "n_valid": 6,
      "n_unique": 8,
      "n_recovered_gts": 6,
      "parse_success_count": 9,
      "parse_success_rate": 1.0,
      "valid_rate": 0.6666666666666666,
      "novelty_rate": 0.8888888888888888,
      "recovery_rate": 0.6666666666666666,
      "token_usage": {
        "prompt_tokens": 8277,
        "completion_tokens": 3698,
        "total_tokens": 11975
      },
      "cost": 0.011975,
      "errors": [],
      "error_summary": {
        "total_errors": 0,
        "error_types": {}
      },
      "all_hypotheses": [
        "Layer 1:\n0 0 0\n0 1 0\n1 0 0",
        "Layer 1:\n0 0 0\n0 1 0\n1 0 0\nLayer 2:\n0 0 0\n0 0 0\n1 0 0",
        "Layer 1:\n0 0 0\n0 1 0\n1 0 0\nLayer 2:\n0 0 0\n0 1 0\n0 0 0\nLayer 3:\n0 0 0\n0 0 0\n1 0 0",
        "Layer 1:\n0 0 0\n0 1 0\n1 0 0\nLayer 2:\n0 0 0\n0 1 0\n1 0 0\nLayer 3:\n0 0 0\n0 0 0\n1 0 0",
        "Layer 1:\n0 0 0\n0 1 0\n1 0 0\nLayer 2:\n0 0 0\n0 1 0\n1 0 0\nLayer 3:\n0 0 0\n0 1 0\n0 0 0",
        "Layer 1:\n0 0 0\n0 1 0\n1 0 0\nLayer 2:\n0 0 0\n0 0 0\n0 0 0\nLayer 3:\n0 0 0\n0 1 0\n0 0 0",
        "Layer 1:\n0 0 0\n0 1 0\n1 0 0\nLayer 2:\n0 0 0\n0 1 0\n0 0 0\nLayer 3:\n0 0 0\n0 0 0\n1 0 0",
        "Layer 1:\n0 0 0\n0 1 0\n1 0 0\nLayer 2:\n0 0 0\n0 1 0\n0 0 0",
        "Layer 1:\n0 0 0\n0 1 0\n1 0 0\nLayer 2:\n0 0 0\n0 1 0\n1 0 0"
      ],
      "unique_structures": [
        "Layer 1:\n0 0 0\n0 1 0\n1 0 0",
        "Layer 1:\n0 0 0\n0 1 0\n1 0 0\nLayer 2:\n0 0 0\n0 0 0\n1 0 0",
        "Layer 1:\n0 0 0\n0 1 0\n1 0 0\nLayer 2:\n0 0 0\n0 1 0\n0 0 0\nLayer 3:\n0 0 0\n0 0 0\n1 0 0",
        "Layer 1:\n0 0 0\n0 1 0\n1 0 0\nLayer 2:\n0 0 0\n0 1 0\n1 0 0\nLayer 3:\n0 0 0\n0 0 0\n1 0 0",
        "Layer 1:\n0 0 0\n0 1 0\n1 0 0\nLayer 2:\n0 0 0\n0 1 0\n1 0 0\nLayer 3:\n0 0 0\n0 1 0\n0 0 0",
        "Layer 1:\n0 0 0\n0 1 0\n1 0 0\nLayer 2:\n0 0 0\n0 0 0\n0 0 0\nLayer 3:\n0 0 0\n0 1 0\n0 0 0",
        "Layer 1:\n0 0 0\n0 1 0\n1 0 0\nLayer 2:\n0 0 0\n0 1 0\n0 0 0",
        "Layer 1:\n0 0 0\n0 1 0\n1 0 0\nLayer 2:\n0 0 0\n0 1 0\n1 0 0"
      ]
    },
    {
      "observation_set_id": "g3_h3_b2_016",
      "n_observations": 1,
      "n_ground_truths": 9,
      "n_queries": 9,
      "n_valid": 6,
      "n_unique": 7,
      "n_recovered_gts": 5,
      "parse_success_count": 9,
      "parse_success_rate": 1.0,
      "valid_rate": 0.6666666666666666,
      "novelty_rate": 0.7777777777777778,
      "recovery_rate": 0.5555555555555556,
      "token_usage": {
        "prompt_tokens": 8418,
        "completion_tokens": 3546,
        "total_tokens": 11964
      },
      "cost": 0.011963999999999999,
      "errors": [],
      "error_summary": {
        "total_errors": 0,
        "error_types": {}
      },
      "all_hypotheses": [
        "Layer 1:\n0 0 1\n1 0 0\n0 0 0\nLayer 2:\n0 0 1\n0 0 0\n0 0 0",
        "Layer 1:\n0 0 1\n1 0 0\n0 0 0\nLayer 2:\n0 0 1\n1 0 0\n0 0 0\nLayer 3:\n0 0 1\n0 0 0\n0 0 0",
        "Layer 1:\n0 0 1\n1 0 0\n0 0 0\nLayer 2:\n0 0 0\n1 0 0\n0 0 0\nLayer 3:\n0 0 1\n0 0 0\n0 0 0",
        "Layer 1:\n0 0 1\n1 0 0\n0 0 0\nLayer 2:\n0 0 1\n1 0 0\n0 0 0\nLayer 3:\n0 0 0\n1 0 0\n0 0 0",
        "Layer 1:\n0 0 1\n1 0 0\n0 0 0\nLayer 2:\n0 0 1\n1 0 0\n0 0 0\nLayer 3:\n0 0 0\n1 0 0\n0 0 0",
        "Layer 1:\n0 0 1\n1 0 0\n0 0 0\nLayer 2:\n0 0 1\n1 0 0\n0 0 0\nLayer 3:\n0 0 1\n1 0 0\n0 0 0",
        "Layer 1:\n0 0 1\n1 0 0\n0 0 0\nLayer 2:\n0 0 1\n0 0 0\n0 0 0\nLayer 3:\n0 0 0\n1 0 0\n0 0 0",
        "Layer 1:\n0 0 1\n1 0 0\n0 0 0\nLayer 2:\n0 0 0\n1 0 0\n0 0 0\nLayer 3:\n0 0 1\n0 0 0\n0 0 0",
        "Layer 1:\n0 0 1\n1 0 0\n0 0 0\nLayer 2:\n0 0 0\n1 0 0\n0 0 0"
      ],
      "unique_structures": [
        "Layer 1:\n0 0 1\n1 0 0\n0 0 0\nLayer 2:\n0 0 1\n0 0 0\n0 0 0",
        "Layer 1:\n0 0 1\n1 0 0\n0 0 0\nLayer 2:\n0 0 1\n1 0 0\n0 0 0\nLayer 3:\n0 0 1\n0 0 0\n0 0 0",
        "Layer 1:\n0 0 1\n1 0 0\n0 0 0\nLayer 2:\n0 0 0\n1 0 0\n0 0 0\nLayer 3:\n0 0 1\n0 0 0\n0 0 0",
        "Layer 1:\n0 0 1\n1 0 0\n0 0 0\nLayer 2:\n0 0 1\n1 0 0\n0 0 0\nLayer 3:\n0 0 0\n1 0 0\n0 0 0",
        "Layer 1:\n0 0 1\n1 0 0\n0 0 0\nLayer 2:\n0 0 1\n1 0 0\n0 0 0\nLayer 3:\n0 0 1\n1 0 0\n0 0 0",
        "Layer 1:\n0 0 1\n1 0 0\n0 0 0\nLayer 2:\n0 0 1\n0 0 0\n0 0 0\nLayer 3:\n0 0 0\n1 0 0\n0 0 0",
        "Layer 1:\n0 0 1\n1 0 0\n0 0 0\nLayer 2:\n0 0 0\n1 0 0\n0 0 0"
      ]
    },
    {
      "observation_set_id": "g3_h3_b2_005",
      "n_observations": 1,
      "n_ground_truths": 9,
      "n_queries": 9,
      "n_valid": 5,
      "n_unique": 8,
      "n_recovered_gts": 4,
      "parse_success_count": 9,
      "parse_success_rate": 1.0,
      "valid_rate": 0.5555555555555556,
      "novelty_rate": 0.8888888888888888,
      "recovery_rate": 0.4444444444444444,
      "token_usage": {
        "prompt_tokens": 8241,
        "completion_tokens": 5596,
        "total_tokens": 13837
      },
      "cost": 0.013836999999999999,
      "errors": [],
      "error_summary": {
        "total_errors": 0,
        "error_types": {}
      },
      "all_hypotheses": [
        "Layer 1:\n1 0 0\n0 0 1\n0 0 0",
        "Layer 1:\n1 0 0\n0 0 1\n0 0 0\nLayer 2:\n0 0 0\n0 0 1\n0 0 0",
        "Layer 1:\n1 0 0\n0 0 0\n0 0 0\nLayer 2:\n1 0 0\n0 0 1\n0 0 0",
        "Layer 1:\n1 0 0\n0 0 1\n0 0 0\nLayer 2:\n1 0 0\n0 0 1\n0 0 0\nLayer 3:\n0 0 0\n0 0 1\n0 0 0",
        "Layer 1:\n1 0 0\n0 0 1\n0 0 0\nLayer 2:\n1 0 0\n0 0 1\n0 0 0\nLayer 3:\n1 0 0\n0 0 0\n0 0 0",
        "Layer 1:\n1 0 0\n0 0 1\n0 0 0\nLayer 2:\n1 0 0\n0 0 0\n0 0 0\nLayer 3:\n0 0 0\n0 0 1\n0 0 0",
        "Layer 1:\n1 0 0\n0 0 1\n0 0 0\nLayer 2:\n1 0 0\n0 0 0\n0 0 0\nLayer 3:\n1 0 0\n0 0 1\n0 0 0",
        "Layer 1:\n1 0 0\n0 0 1\n0 0 0\nLayer 2:\n1 0 0\n0 0 1\n0 0 0\nLayer 3:\n1 0 0\n0 0 0\n0 0 0",
        "Layer 1:\n1 0 0\n0 0 1\n0 0 0\nLayer 2:\n0 0 0\n0 0 1\n0 0 0\nLayer 3:\n1 0 0\n0 0 0\n0 0 0"
      ],
      "unique_structures": [
        "Layer 1:\n1 0 0\n0 0 1\n0 0 0",
        "Layer 1:\n1 0 0\n0 0 1\n0 0 0\nLayer 2:\n0 0 0\n0 0 1\n0 0 0",
        "Layer 1:\n1 0 0\n0 0 0\n0 0 0\nLayer 2:\n1 0 0\n0 0 1\n0 0 0",
        "Layer 1:\n1 0 0\n0 0 1\n0 0 0\nLayer 2:\n1 0 0\n0 0 1\n0 0 0\nLayer 3:\n0 0 0\n0 0 1\n0 0 0",
        "Layer 1:\n1 0 0\n0 0 1\n0 0 0\nLayer 2:\n1 0 0\n0 0 1\n0 0 0\nLayer 3:\n1 0 0\n0 0 0\n0 0 0",
        "Layer 1:\n1 0 0\n0 0 1\n0 0 0\nLayer 2:\n1 0 0\n0 0 0\n0 0 0\nLayer 3:\n0 0 0\n0 0 1\n0 0 0",
        "Layer 1:\n1 0 0\n0 0 1\n0 0 0\nLayer 2:\n1 0 0\n0 0 0\n0 0 0\nLayer 3:\n1 0 0\n0 0 1\n0 0 0",
        "Layer 1:\n1 0 0\n0 0 1\n0 0 0\nLayer 2:\n0 0 0\n0 0 1\n0 0 0\nLayer 3:\n1 0 0\n0 0 0\n0 0 0"
      ]
    },
    {
      "observation_set_id": "g3_h3_b2_021",
      "n_observations": 1,
      "n_ground_truths": 9,
      "n_queries": 9,
      "n_valid": 5,
      "n_unique": 6,
      "n_recovered_gts": 4,
      "parse_success_count": 9,
      "parse_success_rate": 1.0,
      "valid_rate": 0.5555555555555556,
      "novelty_rate": 0.6666666666666666,
      "recovery_rate": 0.4444444444444444,
      "token_usage": {
        "prompt_tokens": 8315,
        "completion_tokens": 3420,
        "total_tokens": 11735
      },
      "cost": 0.011734999999999999,
      "errors": [],
      "error_summary": {
        "total_errors": 0,
        "error_types": {
          "connection_error": 1
        }
      },