{
  "run_id": "20251031_163559",
  "llm_name": "OpenRouter(openai/gpt-4o-mini)",
  "n_samples": 6,
  "n_queries_per_sample": null,
  "query_multiplier": 1.0,
  "seed": 1234567,
  "timestamp": "2025-10-31T16:41:46.348889",
  "results": [
    {
      "observation_set_id": "g3_h3_b2_028",
      "n_observations": 1,
      "n_ground_truths": 9,
      "n_queries": 9,
      "n_valid": 3,
      "n_unique": 7,
      "n_recovered_gts": 2,
      "parse_success_count": 9,
      "parse_success_rate": 1.0,
      "valid_rate": 0.3333333333333333,
      "novelty_rate": 0.7777777777777778,
      "recovery_rate": 0.2222222222222222,
      "token_usage": {
        "prompt_tokens": 16055,
        "completion_tokens": 2221,
        "total_tokens": 18276
      },
      "cost": 0.018276,
      "errors": [],
      "error_summary": {
        "total_errors": 0,
        "error_types": {}
      },
      "all_hypotheses": [
        "Layer 1:\n0 0 0\n0 1 0\n1 0 0\nLayer 2:\n0 0 0\n0 1 0\n0 0 0",
        "Layer 1:\n0 0 0\n1 1 0\n1 0 0\nLayer 2:\n0 0 0\n0 1 0\n0 0 0",
        "Layer 1:\n0 0 0\n0 1 0\n1 0 0\nLayer 2:\n0 0 0\n0 1 0\n0 0 0",
        "Layer 1:\n0 0 0\n1 1 0\n1 0 0\nLayer 2:\n0 0 0\n1 0 0\n0 0 0",
        "Layer 1:\n0 0 0\n0 1 0\n1 0 0\nLayer 2:\n0 0 0\n0 1 0\n1 0 0\nLayer 3:\n0 0 0\n0 1 0\n0 0 0",
        "Layer 1:\n1 0 0\n0 1 0\n1 0 0\nLayer 2:\n0 0 0\n0 1 0\n0 0 0",
        "Layer 1:\n0 0 0\n1 1 0\n1 0 0\nLayer 2:\n0 0 0\n1 1 0\n1 0 0\nLayer 3:\n0 0 0\n0 1 0\n0 0 0",
        "Layer 1:\n0 0 0\n1 1 0\n1 0 0\nLayer 2:\n0 0 0\n1 0 0\n0 0 0\nLayer 3:\n0 0 0\n0 1 0\n0 0 0",
        "Layer 1:\n0 0 0\n1 1 0\n1 0 0\nLayer 2:\n0 0 0\n1 0 0\n0 0 0\nLayer 3:\n0 0 0\n0 1 0\n0 0 0"
      ],
      "unique_structures": [
        "Layer 1:\n0 0 0\n0 1 0\n1 0 0\nLayer 2:\n0 0 0\n0 1 0\n0 0 0",
        "Layer 1:\n0 0 0\n1 1 0\n1 0 0\nLayer 2:\n0 0 0\n0 1 0\n0 0 0",
        "Layer 1:\n0 0 0\n1 1 0\n1 0 0\nLayer 2:\n0 0 0\n1 0 0\n0 0 0",
        "Layer 1:\n0 0 0\n0 1 0\n1 0 0\nLayer 2:\n0 0 0\n0 1 0\n1 0 0\nLayer 3:\n0 0 0\n0 1 0\n0 0 0",
        "Layer 1:\n1 0 0\n0 1 0\n1 0 0\nLayer 2:\n0 0 0\n0 1 0\n0 0 0",
        "Layer 1:\n0 0 0\n1 1 0\n1 0 0\nLayer 2:\n0 0 0\n1 1 0\n1 0 0\nLayer 3:\n0 0 0\n0 1 0\n0 0 0",
        "Layer 1:\n0 0 0\n1 1 0\n1 0 0\nLayer 2:\n0 0 0\n1 0 0\n0 0 0\nLayer 3:\n0 0 0\n0 1 0\n0 0 0"
      ]
    },
    {
      "observation_set_id": "g3_h3_b2_016",
      "n_observations": 1,
      "n_ground_truths": 9,
      "n_queries": 9,
      "n_valid": 1,
      "n_unique": 5,
      "n_recovered_gts": 1,
      "parse_success_count": 9,
      "parse_success_rate": 1.0,
      "valid_rate": 0.1111111111111111,
      "novelty_rate": 0.5555555555555556,
      "recovery_rate": 0.1111111111111111,
      "token_usage": {
        "prompt_tokens": 15881,
        "completion_tokens": 2301,
        "total_tokens": 18182
      },
      "cost": 0.018181999999999997,
      "errors": [],
      "error_summary": {
        "total_errors": 0,
        "error_types": {
          "connection_error": 2
        }
      },
      "all_hypotheses": [
        "Layer 1:\n1 0 1\n1 0 0\n0 0 0\nLayer 2:\n0 0 1\n0 0 0\n0 0 0",
        "Layer 1:\n1 0 1\n1 0 0\n0 0 0\nLayer 2:\n1 0 0\n0 0 0\n0 0 0",
        "Layer 1:\n1 0 1\n1 0 0\n0 0 0\nLayer 2:\n0 0 0\n0 0 0\n0 0 0\nLayer 3:\n1 0 0\n0 0 0\n0 0 0",
        "Layer 1:\n1 0 1\n1 0 0\n0 0 0\nLayer 2:\n0 0 1\n0 0 0\n0 0 0",
        "Layer 1:\n0 0 0\n1 0 0\n0 0 0\nLayer 2:\n0 0 1\n0 0 0\n0 0 0\nLayer 3:\n0 0 1\n0 0 0\n0 0 0",
        "Layer 1:\n1 0 1\n1 0 0\n0 0 0\nLayer 2:\n0 0 1\n0 0 0\n0 0 0",
        "Layer 1:\n1 0 1\n1 0 0\n0 0 0\nLayer 2:\n0 0 0\n0 0 0\n0 0 0\nLayer 3:\n1 0 0\n0 0 0\n0 0 0",
        "Layer 1:\n1 0 1\n1 0 0\n0 0 0\nLayer 2:\n0 0 1\n0 0 0\n0 0 0",
        "Layer 1:\n0 0 1\n1 0 0\n0 0 0\nLayer 2:\n0 0 1\n0 0 0\n0 0 0"
      ],
      "unique_structures": [
        "Layer 1:\n1 0 1\n1 0 0\n0 0 0\nLayer 2:\n0 0 1\n0 0 0\n0 0 0",
        "Layer 1:\n1 0 1\n1 0 0\n0 0 0\nLayer 2:\n1 0 0\n0 0 0\n0 0 0",
        "Layer 1:\n1 0 1\n1 0 0\n0 0 0\nLayer 2:\n0 0 0\n0 0 0\n0 0 0\nLayer 3:\n1 0 0\n0 0 0\n0 0 0",
        "Layer 1:\n0 0 0\n1 0 0\n0 0 0\nLayer 2:\n0 0 1\n0 0 0\n0 0 0\nLayer 3:\n0 0 1\n0 0 0\n0 0 0",
        "Layer 1:\n0 0 1\n1 0 0\n0 0 0\nLayer 2:\n0 0 1\n0 0 0\n0 0 0"
      ]
    },
    {
      "observation_set_id": "g3_h3_b2_005",
      "n_observations": 1,
      "n_ground_truths": 9,
      "n_queries": 9,
      "n_valid": 8,
      "n_unique": 3,
      "n_recovered_gts": 2,
      "parse_success_count": 9,
      "parse_success_rate": 1.0,
      "valid_rate": 0.8888888888888888,
      "novelty_rate": 0.3333333333333333,
      "recovery_rate": 0.2222222222222222,
      "token_usage": {
        "prompt_tokens": 15279,
        "completion_tokens": 2343,
        "total_tokens": 17622
      },
      "cost": 0.017622000000000002,
      "errors": [],
      "error_summary": {
        "total_errors": 0,
        "error_types": {}
      },
      "all_hypotheses": [
        "Layer 1:\n1 0 0\n0 0 1\n0 0 0\nLayer 2:\n1 0 0\n0 0 0\n0 0 0",
        "Layer 1:\n1 0 0\n0 0 1\n0 0 0\nLayer 2:\n1 0 0\n0 0 0\n0 0 0",
        "Layer 1:\n1 0 0\n0 0 1\n0 0 0\nLayer 2:\n1 0 0\n0 0 0\n0 0 0",
        "Layer 1:\n1 0 0\n0 0 1\n0 0 0\nLayer 2:\n1 0 0\n0 0 0\n0 0 0\nLayer 3:\n1 0 0\n0 0 0\n0 0 0",
        "Layer 1:\n1 0 0\n0 0 1\n0 0 0\nLayer 2:\n1 0 0\n0 0 0\n0 0 0",
        "Layer 1:\n1 0 0\n0 0 1\n0 0 0\nLayer 2:\n1 0 0\n0 0 0\n0 0 0\nLayer 3:\n1 0 0\n0 0 0\n0 0 0",
        "Layer 1:\n1 0 0\n0 0 1\n0 0 0\nLayer 2:\n1 0 0\n0 0 0\n0 0 0\nLayer 3:\n1 0 0\n0 0 0\n0 0 0",
        "Layer 1:\n1 0 0\n0 0 1\n0 0 0\n1 0 0\n0 0 0\n0 0 0\nLayer 2:\n1 0 0\n0 0 0\n0 0 0\n0 0 0\n0 0 0\n0 0 0",
        "Layer 1:\n1 0 0\n0 0 1\n0 0 0\nLayer 2:\n1 0 0\n0 0 0\n0 0 0"
      ],
      "unique_structures": [
        "Layer 1:\n1 0 0\n0 0 1\n0 0 0\nLayer 2:\n1 0 0\n0 0 0\n0 0 0",
        "Layer 1:\n1 0 0\n0 0 1\n0 0 0\nLayer 2:\n1 0 0\n0 0 0\n0 0 0\nLayer 3:\n1 0 0\n0 0 0\n0 0 0",
        "Layer 1:\n1 0 0\n0 0 1\n0 0 0\n1 0 0\n0 0 0\n0 0 0\nLayer 2:\n1 0 0\n0 0 0\n0 0 0\n0 0 0\n0 0 0\n0 0 0"
      ]
    },
    {
      "observation_set_id": "g3_h3_b2_021",
      "n_observations": 1,
      "n_ground_truths": 9,
      "n_queries": 9,
      "n_valid": 1,
      "n_unique": 3,
      "n_recovered_gts": 1,
      "parse_success_count": 8,
      "parse_success_rate": 0.8888888888888888,
      "valid_rate": 0.1111111111111111,
      "novelty_rate": 0.3333333333333333,
      "recovery_rate": 0.1111111111111111,
      "token_usage": {
        "prompt_tokens": 13844,
        "completion_tokens": 1613,
        "total_tokens": 15457
      },
      "cost": 0.015457000000000002,
      "errors": [
        {
          "query_index": 2,
          "attempt": 3,
          "error_message": "Error querying OpenRouter: HTTPSConnectionPool(host='openrouter.ai', port=443): Max retries exceeded with url: /api/v1/chat/completions (Caused by SSLError(SSLEOFError(8, '[SSL: UNEXPECTED_EOF_WHILE_READING] EOF occurred in violation of protocol (_ssl.c:1000)')))",
          "error_type": "connection_error"
        }
      ],
      "error_summary": {
        "total_errors": 1,
        "error_types": {
          "connection_error": 3
        }
      },
      "all_hypotheses": [
        "Layer 1:\n0 0 1\n0 0 0\n0 0 1\nLayer 2:\n0 0 1\n0 0 0\n0 0 0",
        "Layer 1:\n0 0 1\n0 0 0\n0 0 1\nLayer 2:\n0 0 1\n0 0 0\n0 0 0\nLayer 3:\n1 0 0\n0 0 0\n0 0 0",
        "Layer 1:\n0 0 0\n0 0 0\n0 0 1\nLayer 2:\n0 0 1\n0 0 0\n0 0 0",
        "Layer 1:\n0 0 1\n0 0 0\n0 0 1\nLayer 2:\n0 0 1\n0 0 0\n0 0 0\nLayer 3:\n1 0 0\n0 0 0\n0 0 0",
        "Layer 1:\n0 0 1\n0 0 0\n0 0 1\nLayer 2:\n0 0 1\n0 0 0\n0 0 0\nLayer 3:\n1 0 0\n0 0 0\n0 0 0",
        "Layer 1:\n0 0 1\n0 0 0\n0 0 1\nLayer 2:\n0 0 1\n0 0 0\n0 0 0\nLayer 3:\n1 0 0\n0 0 0\n0 0 0",
        "Layer 1:\n0 0 1\n0 0 0\n0 0 1\nLayer 2:\n0 0 1\n0 0 0\n0 0 0\nLayer 3:\n1 0 0\n0 0 0\n0 0 0",
        "Layer 1:\n0 0 1\n0 0 0\n0 0 1\nLayer 2:\n0 0 1\n0 0 0\n0 0 0\nLayer 3:\n1 0 0\n0 0 0\n0 0 0"
      ],