{
  "run_id": "20251103_141730",
  "llm_name": "OpenRouter(openai/gpt-4o-mini)",
  "n_samples": 6,
  "n_queries_per_sample": null,
  "query_multiplier": 1.0,
  "seed": 1234567,
  "timestamp": "2025-11-03T14:22:43.428517",
  "results": [
    {
      "observation_set_id": "g3_h3_b2_028",
      "n_observations": 1,
      "n_ground_truths": 9,
      "n_queries": 9,
      "n_valid": 3,
      "n_unique": 4,
      "n_recovered_gts": 1,
      "parse_success_count": 9,
      "parse_success_rate": 1.0,
      "valid_rate": 0.3333333333333333,
      "novelty_rate": 0.4444444444444444,
      "recovery_rate": 0.1111111111111111,
      "token_usage": {
        "prompt_tokens": 10674,
        "completion_tokens": 736,
        "total_tokens": 11410
      },
      "cost": 0.01141,
      "errors": [],
      "error_summary": {
        "total_errors": 0,
        "error_types": {}
      },
      "all_hypotheses": [
        "Layer 1:\n0 0 0\n0 1 0\n1 0 0\nLayer 2:\n0 0 0\n0 0 0\n1 0 0",
        "Layer 1:\n0 0 0\n1 1 0\n1 0 0\nLayer 2:\n0 0 0\n1 0 0\n1 0 0",
        "Layer 1:\n0 0 0\n0 1 0\n1 0 0\nLayer 2:\n0 0 0\n0 0 0\n1 0 0",
        "Layer 1:\n0 0 0\n1 1 0\n1 0 0\nLayer 2:\n0 0 0\n1 0 0\n1 0 0\nLayer 3:\n0 0 0\n0 0 0\n1 0 0",
        "Layer 1:\n0 0 0\n1 1 0\n1 0 0\nLayer 2:\n0 0 0\n1 0 0\n1 0 0\nLayer 3:\n0 0 0\n0 0 0\n1 0 0",
        "Layer 1:\n0 0 0\n1 1 0\n1 0 0\nLayer 2:\n0 0 0\n1 0 0\n1 0 0\nLayer 3:\n0 0 0\n0 0 0\n1 0 0",
        "Layer 1:\n0 0 0\n0 1 0\n1 0 0\nLayer 2:\n0 0 0\n0 0 0\n1 0 0",
        "Layer 1:\n0 0 0\n1 1 0\n1 0 0\nLayer 2:\n0 0 0\n0 1 0\n1 0 0",
        "Layer 1:\n0 0 0\n1 1 0\n1 0 0\nLayer 2:\n0 0 0\n1 0 0\n1 0 0\nLayer 3:\n0 0 0\n0 0 0\n1 0 0"
      ],
      "unique_structures": [
        "Layer 1:\n0 0 0\n0 1 0\n1 0 0\nLayer 2:\n0 0 0\n0 0 0\n1 0 0",
        "Layer 1:\n0 0 0\n1 1 0\n1 0 0\nLayer 2:\n0 0 0\n1 0 0\n1 0 0",
        "Layer 1:\n0 0 0\n1 1 0\n1 0 0\nLayer 2:\n0 0 0\n1 0 0\n1 0 0\nLayer 3:\n0 0 0\n0 0 0\n1 0 0",
        "Layer 1:\n0 0 0\n1 1 0\n1 0 0\nLayer 2:\n0 0 0\n0 1 0\n1 0 0"
      ]
    },
    {
      "observation_set_id": "g3_h3_b2_016",
      "n_observations": 1,
      "n_ground_truths": 9,
      "n_queries": 9,
      "n_valid": 4,
      "n_unique": 8,
      "n_recovered_gts": 3,
      "parse_success_count": 9,
      "parse_success_rate": 1.0,
      "valid_rate": 0.4444444444444444,
      "novelty_rate": 0.8888888888888888,
      "recovery_rate": 0.3333333333333333,
      "token_usage": {
        "prompt_tokens": 11144,
        "completion_tokens": 1777,
        "total_tokens": 12921
      },
      "cost": 0.012920999999999998,
      "errors": [],
      "error_summary": {
        "total_errors": 0,
        "error_types": {}
      },
      "all_hypotheses": [
        "Layer 1:\n0 0 0\n1 0 0\n0 0 0\nLayer 2:\n0 0 1\n0 0 0\n0 0 0",
        "Layer 1:\n0 0 1\n1 0 0\n0 0 0",
        "Layer 1:\n0 0 1\n1 0 0\n0 0 0\nLayer 2:\n0 0 0\n0 0 0\n1 0 0",
        "Layer 1:\n0 0 0\n1 0 0\n0 0 1\nLayer 2:\n0 0 0\n0 0 0\n1 0 0",
        "Layer 1:\n0 0 1\n1 0 0\n0 0 0\nLayer 2:\n0 0 1\n0 0 0\n0 0 0\nLayer 3:\n0 0 1\n0 0 0\n0 0 0",
        "Layer 1:\n0 0 1\n1 0 0\n0 0 0\nLayer 2:\n0 0 1\n0 0 0\n0 0 0",
        "Layer 1:\n0 0 1\n1 0 0\n0 0 0\nLayer 2:\n0 0 1\n0 0 0\n0 0 0\nLayer 3:\n0 0 1\n0 0 0\n0 0 0",
        "Layer 1:\n0 0 1\n1 0 0\n0 0 0\nLayer 2:\n0 0 0\n1 0 0\n0 0 0\nLayer 3:\n0 0 1\n0 0 0\n0 0 0",
        "Layer 1:\n1 0 1\n1 0 0\n0 0 0\nLayer 2:\n0 0 0\n0 0 0\n1 0 0"
      ],
      "unique_structures": [
        "Layer 1:\n0 0 0\n1 0 0\n0 0 0\nLayer 2:\n0 0 1\n0 0 0\n0 0 0",
        "Layer 1:\n0 0 1\n1 0 0\n0 0 0",
        "Layer 1:\n0 0 1\n1 0 0\n0 0 0\nLayer 2:\n0 0 0\n0 0 0\n1 0 0",
        "Layer 1:\n0 0 0\n1 0 0\n0 0 1\nLayer 2:\n0 0 0\n0 0 0\n1 0 0",
        "Layer 1:\n0 0 1\n1 0 0\n0 0 0\nLayer 2:\n0 0 1\n0 0 0\n0 0 0\nLayer 3:\n0 0 1\n0 0 0\n0 0 0",
        "Layer 1:\n0 0 1\n1 0 0\n0 0 0\nLayer 2:\n0 0 1\n0 0 0\n0 0 0",
        "Layer 1:\n0 0 1\n1 0 0\n0 0 0\nLayer 2:\n0 0 0\n1 0 0\n0 0 0\nLayer 3:\n0 0 1\n0 0 0\n0 0 0",
        "Layer 1:\n1 0 1\n1 0 0\n0 0 0\nLayer 2:\n0 0 0\n0 0 0\n1 0 0"
      ]
    },
    {
      "observation_set_id": "g3_h3_b2_005",
      "n_observations": 1,
      "n_ground_truths": 9,
      "n_queries": 9,
      "n_valid": 9,
      "n_unique": 2,
      "n_recovered_gts": 2,
      "parse_success_count": 9,
      "parse_success_rate": 1.0,
      "valid_rate": 1.0,
      "novelty_rate": 0.2222222222222222,
      "recovery_rate": 0.2222222222222222,
      "token_usage": {
        "prompt_tokens": 11440,
        "completion_tokens": 1992,
        "total_tokens": 13432
      },
      "cost": 0.013432000000000003,
      "errors": [],
      "error_summary": {
        "total_errors": 0,
        "error_types": {}
      },
      "all_hypotheses": [
        "Layer 1:\n1 0 0\n0 0 1\n0 0 0\nLayer 2:\n1 0 0\n0 0 1\n0 0 0",
        "Layer 1:\n1 0 0\n0 0 1\n0 0 0\nLayer 2:\n1 0 0\n0 0 0\n0 0 0",
        "Layer 1:\n1 0 0\n0 0 1\n0 0 0\nLayer 2:\n1 0 0\n0 0 0\n0 0 0",
        "Layer 1:\n1 0 0\n0 0 1\n0 0 0\nLayer 2:\n1 0 0\n0 0 0\n0 0 0",
        "Layer 1:\n1 0 0\n0 0 1\n0 0 0\nLayer 2:\n1 0 0\n0 0 0\n0 0 0",
        "Layer 1:\n1 0 0\n0 0 1\n0 0 0\nLayer 2:\n1 0 0\n0 0 0\n0 0 0",
        "Layer 1:\n1 0 0\n0 0 1\n0 0 0\nLayer 2:\n1 0 0\n0 0 0\n0 0 0",
        "Layer 1:\n1 0 0\n0 0 1\n0 0 0\nLayer 2:\n1 0 0\n0 0 1\n0 0 0",
        "Layer 1:\n1 0 0\n0 0 1\n0 0 0\nLayer 2:\n1 0 0\n0 0 0\n0 0 0"
      ],
      "unique_structures": [
        "Layer 1:\n1 0 0\n0 0 1\n0 0 0\nLayer 2:\n1 0 0\n0 0 1\n0 0 0",
        "Layer 1:\n1 0 0\n0 0 1\n0 0 0\nLayer 2:\n1 0 0\n0 0 0\n0 0 0"
      ]
    },
    {
      "observation_set_id": "g3_h3_b2_021",
      "n_observations": 1,
      "n_ground_truths": 9,
      "n_queries": 9,
      "n_valid": 8,
      "n_unique": 3,
      "n_recovered_gts": 2,
      "parse_success_count": 9,
      "parse_success_rate": 1.0,
      "valid_rate": 0.8888888888888888,
      "novelty_rate": 0.3333333333333333,
      "recovery_rate": 0.2222222222222222,
      "token_usage": {
        "prompt_tokens": 11392,
        "completion_tokens": 1665,
        "total_tokens": 13057
      },
      "cost": 0.013057000000000003,
      "errors": [],
      "error_summary": {
        "total_errors": 0,
        "error_types": {}
      },
      "all_hypotheses": [
        "Layer 1:\n0 0 1\n0 0 0\n0 0 1\nLayer 2:\n0 0 1\n0 0 0\n0 0 0",
        "Layer 1:\n0 0 1\n0 0 0\n0 0 1\nLayer 2:\n0 0 1\n0 0 0\n0 0 0",
        "Layer 1:\n1 0 1\n0 0 0\n0 0 0\nLayer 2:\n1 0 1\n0 0 0\n0 0 0",
        "Layer 1:\n0 0 1\n0 0 0\n0 0 1\nLayer 2:\n0 0 1\n0 0 0\n0 0 0",
        "Layer 1:\n0 0 1\n0 0 0\n0 0 1\nLayer 2:\n0 0 1\n0 0 0\n0 0 0",
        "Layer 1:\n0 0 1\n0 0 0\n0 0 1\nLayer 2:\n0 0 1\n0 0 0\n0 0 0",
        "Layer 1:\n0 0 1\n0 0 0\n0 0 1\nLayer 2:\n0 0 1\n0 0 0\n0 0 0",
        "Layer 1:\n0 0 1\n0 0 0\n0 0 1\nLayer 2:\n0 0 1\n0 0 0\n0 0 0",
        "Layer 1:\n0 0 1\n0 0 0\n0 0 1"
      ],
      "unique_structures": [
        "Layer 1:\n0 0 1\n0 0 0\n0 0 1\nLayer 2:\n0 0 1\n0 0 0\n0 0 0",
        "Layer 1:\n1 0 1\n0 0 0\n0 0 0\nLayer 2:\n1 0 1\n0 0 0\n0 0 0",
        "Layer 1:\n0 0 1\n0 0 0\n0 0 1"
      ]
    },
    {
      "observation_set_id": "g3_h3_b2_015",
      "n_observations": 1,
      "n_ground_truths": 9,
      "n_queries": 9,
      "n_valid": 6,
      "n_unique": 4,
      "n_recovered_gts": 1,
      "parse_success_count": 9,
      "parse_success_rate": 1.0,
      "valid_rate": 0.6666666666666666,
      "novelty_rate": 0.4444444444444444,
      "recovery_rate": 0.1111111111111111,
      "token_usage": {
        "prompt_tokens": 10450,
        "completion_tokens": 2100,
        "total_tokens": 12550
      },
      "cost": 0.01255,
      "errors": [],
      "error_summary": {
        "total_errors": 0,
        "error_types": {}
      },