{
  "run_id": "20251103_150808",
  "llm_name": "OpenRouter(openai/gpt-4o-mini)",
  "n_samples": 6,
  "n_queries_per_sample": null,
  "query_multiplier": 1.0,
  "seed": 1234567,
  "timestamp": "2025-11-03T15:10:17.344334",
  "results": [
    {
      "observation_set_id": "g3_h3_b2_028",
      "n_observations": 1,
      "n_ground_truths": 9,
      "n_queries": 9,
      "n_valid": 0,
      "n_unique": 6,
      "n_recovered_gts": 0,
      "parse_success_count": 9,
      "parse_success_rate": 1.0,
      "valid_rate": 0.0,
      "novelty_rate": 0.6666666666666666,
      "recovery_rate": 0.0,
      "token_usage": {
        "prompt_tokens": 11783,
        "completion_tokens": 585,
        "total_tokens": 12368
      },
      "cost": 0.012368000000000002,
      "errors": [],
      "error_summary": {
        "total_errors": 0,
        "error_types": {
          "connection_error": 1
        }
      },
      "all_hypotheses": [
        "Layer 1:\n1 0 1\n0 1 0\n1 0 0\nLayer 2:\n1 0 0\n0 0 0\n1 0 0",
        "Layer 1:\n1 0 1\n0 1 0\n1 0 0\nLayer 2:\n0 0 0\n1 0 0\n0 0 0",
        "Layer 1:\n1 0 1\n0 1 0\n1 0 0\nLayer 2:\n0 0 0\n1 0 0\n0 0 0",
        "Layer 1:\n1 0 1\n0 1 0\n1 0 0\nLayer 2:\n1 0 0\n0 0 0\n1 0 0",
        "Layer 1:\n1 0 1\n0 1 0\n1 0 0\nLayer 2:\n1 0 0\n0 1 0\n0 0 0\nLayer 3:\n0 0 0\n0 0 0\n1 0 0",
        "Layer 1:\n1 0 1\n0 1 0\n1 0 0\nLayer 2:\n0 0 0\n1 0 0\n0 0 0",
        "Layer 1:\n1 0 1\n0 1 0\n1 0 0\nLayer 2:\n1 0 0\n0 0 0\n1 0 0\nLayer 3:\n0 0 0\n0 1 0\n0 0 0",
        "Layer 1:\n1 0 1\n0 1 0\n1 0 0\nLayer 2:\n0 0 0\n1 0 0\n0 0 0\nLayer 3:\n0 0 0\n0 0 0\n1 0 0",
        "Layer 1:\n1 0 1\n0 1 0\n1 0 0\nLayer 2:\n1 0 1\n0 0 0\n1 0 0"
      ],
      "unique_structures": [
        "Layer 1:\n1 0 1\n0 1 0\n1 0 0\nLayer 2:\n1 0 0\n0 0 0\n1 0 0",
        "Layer 1:\n1 0 1\n0 1 0\n1 0 0\nLayer 2:\n0 0 0\n1 0 0\n0 0 0",
        "Layer 1:\n1 0 1\n0 1 0\n1 0 0\nLayer 2:\n1 0 0\n0 1 0\n0 0 0\nLayer 3:\n0 0 0\n0 0 0\n1 0 0",
        "Layer 1:\n1 0 1\n0 1 0\n1 0 0\nLayer 2:\n1 0 0\n0 0 0\n1 0 0\nLayer 3:\n0 0 0\n0 1 0\n0 0 0",
        "Layer 1:\n1 0 1\n0 1 0\n1 0 0\nLayer 2:\n0 0 0\n1 0 0\n0 0 0\nLayer 3:\n0 0 0\n0 0 0\n1 0 0",
        "Layer 1:\n1 0 1\n0 1 0\n1 0 0\nLayer 2:\n1 0 1\n0 0 0\n1 0 0"
      ]
    },
    {
      "observation_set_id": "g3_h3_b2_016",
      "n_observations": 1,
      "n_ground_truths": 9,
      "n_queries": 9,
      "n_valid": 0,
      "n_unique": 4,
      "n_recovered_gts": 0,
      "parse_success_count": 9,
      "parse_success_rate": 1.0,
      "valid_rate": 0.0,
      "novelty_rate": 0.4444444444444444,
      "recovery_rate": 0.0,
      "token_usage": {
        "prompt_tokens": 11437,
        "completion_tokens": 541,
        "total_tokens": 11978
      },
      "cost": 0.011978000000000003,
      "errors": [],
      "error_summary": {
        "total_errors": 0,
        "error_types": {
          "connection_error": 1
        }
      },
      "all_hypotheses": [
        "Layer 1:\n1 0 1\n0 1 0\n0 0 0\nLayer 2:\n1 0 0\n0 0 0\n0 0 0",
        "Layer 1:\n1 0 1\n0 1 0\n0 0 0\nLayer 2:\n1 0 0\n0 0 0\n0 0 0",
        "Layer 1:\n1 0 1\n0 0 0\n0 0 0\nLayer 2:\n1 0 0\n0 0 0\n0 0 0",
        "Layer 1:\n1 0 1\n0 0 0\n0 0 0\nLayer 2:\n1 0 0\n0 0 0\n0 0 0",
        "Layer 1:\n1 0 1\n0 0 0\n0 0 0\nLayer 2:\n1 0 0\n0 0 0\n0 0 0",
        "Layer 1:\n1 0 1\n0 1 0\n0 0 0\nLayer 2:\n0 0 0\n1 0 0\n0 0 0",
        "Layer 1:\n1 0 1\n0 0 0\n0 0 0\nLayer 2:\n1 0 0\n0 0 0\n0 0 0",
        "Layer 1:\n1 0 1\n0 0 0\n0 0 0\nLayer 2:\n0 0 0\n1 0 0\n0 0 0",
        "Layer 1:\n1 0 1\n0 1 0\n0 0 0\nLayer 2:\n1 0 0\n0 0 0\n0 0 0"
      ],
      "unique_structures": [
        "Layer 1:\n1 0 1\n0 1 0\n0 0 0\nLayer 2:\n1 0 0\n0 0 0\n0 0 0",
        "Layer 1:\n1 0 1\n0 0 0\n0 0 0\nLayer 2:\n1 0 0\n0 0 0\n0 0 0",
        "Layer 1:\n1 0 1\n0 1 0\n0 0 0\nLayer 2:\n0 0 0\n1 0 0\n0 0 0",
        "Layer 1:\n1 0 1\n0 0 0\n0 0 0\nLayer 2:\n0 0 0\n1 0 0\n0 0 0"
      ]
    },
    {
      "observation_set_id": "g3_h3_b2_005",
      "n_observations": 1,
      "n_ground_truths": 9,
      "n_queries": 9,
      "n_valid": 9,
      "n_unique": 1,
      "n_recovered_gts": 1,
      "parse_success_count": 9,
      "parse_success_rate": 1.0,
      "valid_rate": 1.0,
      "novelty_rate": 0.1111111111111111,
      "recovery_rate": 0.1111111111111111,
      "token_usage": {
        "prompt_tokens": 10957,
        "completion_tokens": 585,
        "total_tokens": 11542
      },
      "cost": 0.011542,
      "errors": [],
      "error_summary": {
        "total_errors": 0,
        "error_types": {
          "connection_error": 2
        }
      },
      "all_hypotheses": [
        "Layer 1:\n1 0 0\n0 0 1\n0 0 0\nLayer 2:\n1 0 0\n0 0 0\n0 0 0",
        "Layer 1:\n1 0 0\n0 0 1\n0 0 0\nLayer 2:\n1 0 0\n0 0 0\n0 0 0",
        "Layer 1:\n1 0 0\n0 0 1\n0 0 0\nLayer 2:\n1 0 0\n0 0 0\n0 0 0",
        "Layer 1:\n1 0 0\n0 0 1\n0 0 0\nLayer 2:\n1 0 0\n0 0 0\n0 0 0",
        "Layer 1:\n1 0 0\n0 0 1\n0 0 0\nLayer 2:\n1 0 0\n0 0 0\n0 0 0",
        "Layer 1:\n1 0 0\n0 0 1\n0 0 0\nLayer 2:\n1 0 0\n0 0 0\n0 0 0",
        "Layer 1:\n1 0 0\n0 0 1\n0 0 0\nLayer 2:\n1 0 0\n0 0 0\n0 0 0",
        "Layer 1:\n1 0 0\n0 0 1\n0 0 0\nLayer 2:\n1 0 0\n0 0 0\n0 0 0",
        "Layer 1:\n1 0 0\n0 0 1\n0 0 0\nLayer 2:\n1 0 0\n0 0 0\n0 0 0"
      ],
      "unique_structures": [
        "Layer 1:\n1 0 0\n0 0 1\n0 0 0\nLayer 2:\n1 0 0\n0 0 0\n0 0 0"
      ]
    },
    {
      "observation_set_id": "g3_h3_b2_021",
      "n_observations": 1,
      "n_ground_truths": 9,
      "n_queries": 9,
      "n_valid": 0,
      "n_unique": 4,
      "n_recovered_gts": 0,
      "parse_success_count": 9,
      "parse_success_rate": 1.0,
      "valid_rate": 0.0,
      "novelty_rate": 0.4444444444444444,
      "recovery_rate": 0.0,
      "token_usage": {
        "prompt_tokens": 11533,
        "completion_tokens": 563,
        "total_tokens": 12096
      },
      "cost": 0.012096,
      "errors": [],
      "error_summary": {
        "total_errors": 0,
        "error_types": {
          "connection_error": 1
        }
      },
      "all_hypotheses": [
        "Layer 1:\n1 0 1\n0 0 0\n0 0 0\nLayer 2:\n1 0 1\n0 0 0\n0 0 0",
        "Layer 1:\n1 0 1\n0 0 0\n0 0 0\nLayer 2:\n1 0 1\n0 0 0\n0 0 0",
        "Layer 1:\n1 0 1\n0 0 0\n0 0 0\nLayer 2:\n1 0 1\n0 0 0\n0 0 0",
        "Layer 1:\n1 0 1\n0 0 0\n0 0 1\nLayer 2:\n1 0 0\n0 0 0\n0 0 1",
        "Layer 1:\n1 0 1\n0 0 0\n0 0 1\nLayer 2:\n1 0 1\n0 0 0\n0 0 1",
        "Layer 1:\n1 0 1\n0 0 0\n0 0 1\nLayer 2:\n1 0 1\n0 0 0\n0 0 0",
        "Layer 1:\n1 0 1\n0 0 0\n0 0 1\nLayer 2:\n1 0 1\n0 0 0\n0 0 0",
        "Layer 1:\n1 0 1\n0 0 0\n0 0 1\nLayer 2:\n1 0 1\n0 0 0\n0 0 0",
        "Layer 1:\n1 0 1\n0 0 0\n0 0 1\nLayer 2:\n1 0 1\n0 0 0\n0 0 0"
      ],
      "unique_structures": [
        "Layer 1:\n1 0 1\n0 0 0\n0 0 0\nLayer 2:\n1 0 1\n0 0 0\n0 0 0",
        "Layer 1:\n1 0 1\n0 0 0\n0 0 1\nLayer 2:\n1 0 0\n0 0 0\n0 0 1",
        "Layer 1:\n1 0 1\n0 0 0\n0 0 1\nLayer 2:\n1 0 1\n0 0 0\n0 0 1",
        "Layer 1:\n1 0 1\n0 0 0\n0 0 1\nLayer 2:\n1 0 1\n0 0 0\n0 0 0"
      ]
    },
    {
      "observation_set_id": "g3_h3_b2_015",
      "n_observations": 1,
      "n_ground_truths": 9,
      "n_queries": 9,
      "n_valid": 0,
      "n_unique": 2,
      "n_recovered_gts": 0,
      "parse_success_count": 9,
      "parse_success_rate": 1.0,
      "valid_rate": 0.0,
      "novelty_rate": 0.2222222222222222,
      "recovery_rate": 0.0,
      "token_usage": {
        "prompt_tokens": 11139,
        "completion_tokens": 585,
        "total_tokens": 11724
      },
      "cost": 0.011724,
      "errors": [],
      "error_summary": {
        "total_errors": 0,
        "error_types": {
          "connection_error": 1
        }
      },